"geno_id_Meng","year","predicted.value","std.error","status"
"1_1-Parent CT3-08","23",0.744666821357238,0.854219847619338,"Estimable"
"1_1-Parent CT3-08","22",0,0.854339454524698,"Estimable"
"1_11-Cross BB14-14b","23",3.78700396892681,0.854219847625917,"Estimable"
"1_11-Cross BB14-14b","22",2.231828638751,0.854339454531207,"Estimable"
"1_12-Cross BB14-14b","23",3.7870039689268,0.854219847625917,"Estimable"
"1_12-Cross BB14-14b","22",2.231828638751,0.854339454531207,"Estimable"
"1_13-Cross BB14-14b","23",4.7870039689268,0.854219847625917,"Estimable"
"1_13-Cross BB14-14b","22",3.231828638751,0.854339454531207,"Estimable"
"1_14-Cross BB14-14b","23",5.26583539515455,0.854219847625917,"Estimable"
"1_14-Cross BB14-14b","22",3.71066006497875,0.854339454531207,"Estimable"
"1_16-Cross BB14-14b","23",5.35050969024353,0.854219847625917,"Estimable"
"1_16-Cross BB14-14b","22",3.79533436006773,0.854339454531207,"Estimable"
"1_17-Cross BB14-14b","23",4.30817254269904,0.854219847625917,"Estimable"
"1_17-Cross BB14-14b","22",2.75299721252324,0.854339454531207,"Estimable"
"1_18-Cross BB14-14b","23",1,1.18236334506035,"Estimable"
"1_18-Cross BB14-14b","22",0,1.18440277773192,"Estimable"
"1_19-Cross BB14-14b","23",7.82934111647129,0.854219847625917,"Estimable"
"1_19-Cross BB14-14b","22",6.27416578629549,0.854339454531207,"Estimable"
"1_2-Parent CT3-08","23",0.744666821382285,0.854219847625917,"Estimable"
"1_2-Parent CT3-08","22",0,0.854339454531207,"Estimable"
"1_20-Cross BB14-14b","23",8.30817254269905,0.854219847625917,"Estimable"
"1_20-Cross BB14-14b","22",6.75299721252325,0.854339454531207,"Estimable"
"1_22-Cross BB14-8b","23",5.7446668213823,0.854219847625917,"Estimable"
"1_22-Cross BB14-8b","22",4.1894914912065,0.854339454531207,"Estimable"
"1_27-Cross BB14-8b","23",3.55517533017582,1.23548221880245,"Estimable"
"1_27-Cross BB14-8b","22",2.00000000000001,1.23352724040462,"Estimable"
"1_28-Cross BB14-8b","23",6.7870039689268,0.854219847625917,"Estimable"
"1_28-Cross BB14-8b","22",5.231828638751,0.854339454531207,"Estimable"
"1_29-Cross BB14-8b","23",6.26583539515455,0.854219847625917,"Estimable"
"1_29-Cross BB14-8b","22",4.71066006497875,0.854339454531207,"Estimable"
"1_31-Cross BB14-12b","23",2.74466682138231,0.854219847625917,"Estimable"
"1_31-Cross BB14-12b","22",1.18949149120651,0.854339454531207,"Estimable"
"1_33-Cross BB14-12b","23",4.74466682138231,0.854219847625917,"Estimable"
"1_33-Cross BB14-12b","22",3.18949149120651,0.854339454531207,"Estimable"
"1_34-Cross BB14-12b","23",6.26583539515455,0.854219847625917,"Estimable"
"1_34-Cross BB14-12b","22",4.71066006497875,0.854339454531207,"Estimable"
"1_35-Cross BB14-12b","23",4.35050969024353,0.854219847625917,"Estimable"
"1_35-Cross BB14-12b","22",2.79533436006773,0.854339454531207,"Estimable"
"1_36-Cross BB14-12b","23",4.30817254269904,0.854219847625917,"Estimable"
"1_36-Cross BB14-12b","22",2.75299721252324,0.854339454531207,"Estimable"
"1_38-Cross BB14-12b","23",7.7870039689268,0.854219847625917,"Estimable"
"1_38-Cross BB14-12b","22",6.231828638751,0.854339454531207,"Estimable"
"1_4-Parent CT3-08","23",0.744666821382289,0.854219847625917,"Estimable"
"1_4-Parent CT3-08","22",0,0.854339454531207,"Estimable"
"1_40-Cross BB14-12b","23",5.91401541156027,0.854219847625917,"Estimable"
"1_40-Cross BB14-12b","22",4.35884008138446,0.854339454531207,"Estimable"
"1_5-Parent CT3-08","23",0.744666821382289,0.854219847625917,"Estimable"
"1_5-Parent CT3-08","22",0,0.854339454531207,"Estimable"
"1_6-Parent CT3-08","23",0.744666821382289,0.854219847625917,"Estimable"
"1_6-Parent CT3-08","22",0,0.854339454531207,"Estimable"
"1_7-Parent CT3-08","23",0.74466682138229,0.854219847625917,"Estimable"
"1_7-Parent CT3-08","22",0,0.854339454531207,"Estimable"
"1_8-Parent CT3-08","23",1.7870039689268,0.854219847625917,"Estimable"
"1_8-Parent CT3-08","22",0.231828638750999,0.854339454531207,"Estimable"
"1_9-Parent CT3-08","23",0.744666821382289,0.854219847625917,"Estimable"
"1_9-Parent CT3-08","22",0,0.854339454531207,"Estimable"
"10_1-Cross BB14-4b","23",9.78700396892681,0.854219847625917,"Estimable"
"10_1-Cross BB14-4b","22",8.23182863875101,0.854339454531207,"Estimable"
"10_10-Cross BB14-4b","23",7.74466682138231,0.854219847625917,"Estimable"
"10_10-Cross BB14-4b","22",6.18949149120651,0.854339454531207,"Estimable"
"10_11-Cross BB14-5p","23",7.26583539515456,0.854219847625917,"Estimable"
"10_11-Cross BB14-5p","22",5.71066006497875,0.854339454531207,"Estimable"
"10_12-Cross BB14-5p","23",9.26583539515456,0.854219847625917,"Estimable"
"10_12-Cross BB14-5p","22",7.71066006497876,0.854339454531207,"Estimable"
"10_13-Cross BB14-5p","23",6.74466682138231,0.854219847625917,"Estimable"
"10_13-Cross BB14-5p","22",5.18949149120651,0.854339454531207,"Estimable"
"10_14-Cross BB14-5p","23",6.30817254269905,0.854219847625917,"Estimable"
"10_14-Cross BB14-5p","22",4.75299721252324,0.854339454531207,"Estimable"
"10_15-Cross BB14-5p","23",5.7870039689268,0.854219847625917,"Estimable"
"10_15-Cross BB14-5p","22",4.23182863875099,0.854339454531207,"Estimable"
"10_17-Cross BB14-5p","23",6.82934111647129,0.854219847625917,"Estimable"
"10_17-Cross BB14-5p","22",5.27416578629548,0.854339454531207,"Estimable"
"10_18-Cross BB14-5p","23",8.30817254269905,0.854219847625917,"Estimable"
"10_18-Cross BB14-5p","22",6.75299721252325,0.854339454531207,"Estimable"
"10_19-Cross BB14-5p","23",3.7870039689268,0.854219847625917,"Estimable"
"10_19-Cross BB14-5p","22",2.231828638751,0.854339454531207,"Estimable"
"10_2-Cross BB14-4b","23",9.26583539515456,0.854219847625917,"Estimable"
"10_2-Cross BB14-4b","22",7.71066006497876,0.854339454531207,"Estimable"
"10_20-Cross BB14-5p","23",8.26583539515456,0.854219847625917,"Estimable"
"10_20-Cross BB14-5p","22",6.71066006497876,0.854339454531207,"Estimable"
"10_21-Cross BB14-5p","23",7.74466682138231,0.854219847625917,"Estimable"
"10_21-Cross BB14-5p","22",6.18949149120651,0.854339454531207,"Estimable"
"10_22-Cross BB14-5p","23",4.7446668213823,0.854219847625917,"Estimable"
"10_22-Cross BB14-5p","22",3.1894914912065,0.854339454531207,"Estimable"
"10_23-Cross BB14-5p","23",8.7870039689268,0.854219847625917,"Estimable"
"10_23-Cross BB14-5p","22",7.231828638751,0.854339454531207,"Estimable"
"10_24-Cross BB14-5p","23",8.26583539515456,0.854219847625918,"Estimable"
"10_24-Cross BB14-5p","22",6.71066006497876,0.854339454531207,"Estimable"
"10_25-Cross BB14-5p","23",8.7870039689268,0.854219847625917,"Estimable"
"10_25-Cross BB14-5p","22",7.231828638751,0.854339454531207,"Estimable"
"10_26-Cross BB14-5p","23",4.30817254269904,0.854219847625917,"Estimable"
"10_26-Cross BB14-5p","22",2.75299721252323,0.854339454531207,"Estimable"
"10_27-Cross BB14-5p","23",3.55517533017581,1.23548221880245,"Estimable"
"10_27-Cross BB14-5p","22",2.00000000000001,1.23352724040462,"Estimable"
"10_28-Cross BB14-5p","23",5.30817254269904,0.854219847625917,"Estimable"
"10_28-Cross BB14-5p","22",3.75299721252324,0.854339454531207,"Estimable"
"10_3-Cross BB14-4b","23",8.30817254269904,0.854219847625918,"Estimable"
"10_3-Cross BB14-4b","22",6.75299721252324,0.854339454531207,"Estimable"
"10_31-Cross BB14-9p","23",9.78700396892681,0.854219847625918,"Estimable"
"10_31-Cross BB14-9p","22",8.23182863875101,0.854339454531207,"Estimable"
"10_32-Cross BB14-9p","23",10,0.854219847625918,"Estimable"
"10_32-Cross BB14-9p","22",8.71066006497876,0.854339454531207,"Estimable"
"10_33-Cross BB14-9p","23",10,0.854219847625917,"Estimable"
"10_33-Cross BB14-9p","22",8.71066006497876,0.854339454531207,"Estimable"
"10_34-Cross BB14-9p","23",9.74466682138232,0.854219847625918,"Estimable"
"10_34-Cross BB14-9p","22",8.18949149120651,0.854339454531207,"Estimable"
"10_35-Cross BB14-9p","23",10,0.854219847625918,"Estimable"
"10_35-Cross BB14-9p","22",9.18949149120652,0.854339454531207,"Estimable"
"10_36-Cross BB14-9p","23",7.74466682138231,0.854219847625918,"Estimable"
"10_36-Cross BB14-9p","22",6.18949149120651,0.854339454531207,"Estimable"
"10_37-Cross BB14-9p","23",10,0.854219847625917,"Estimable"
"10_37-Cross BB14-9p","22",8.71066006497876,0.854339454531207,"Estimable"
"10_38-Cross BB14-9p","23",5.87167826401577,0.854219847625918,"Estimable"
"10_38-Cross BB14-9p","22",4.31650293383997,0.854339454531207,"Estimable"
"10_39-Cross BB14-9p","23",6.26583539515455,0.854219847625918,"Estimable"
"10_39-Cross BB14-9p","22",4.71066006497875,0.854339454531207,"Estimable"
"10_4-Cross BB14-4b","23",8.7870039689268,0.854219847625917,"Estimable"
"10_4-Cross BB14-4b","22",7.231828638751,0.854339454531207,"Estimable"
"10_5-Cross BB14-4b","23",9.78700396892681,0.854219847625918,"Estimable"
"10_5-Cross BB14-4b","22",8.23182863875101,0.854339454531207,"Estimable"
"10_7-Cross BB14-4b","23",9.26583539515455,0.854219847625917,"Estimable"
"10_7-Cross BB14-4b","22",7.71066006497875,0.854339454531207,"Estimable"
"10_8-Cross BB14-4b","23",9.26583539515455,0.854219847625917,"Estimable"
"10_8-Cross BB14-4b","22",7.71066006497875,0.854339454531207,"Estimable"
"10_9-Cross BB14-4b","23",9.26583539515455,0.854219847625917,"Estimable"
"10_9-Cross BB14-4b","22",7.71066006497875,0.854339454531207,"Estimable"
"11_1-Cross BB14-4b","23",7.78700396892679,0.854219847625918,"Estimable"
"11_1-Cross BB14-4b","22",6.23182863875099,0.854339454531207,"Estimable"
"11_10-Cross BB14-4b","23",4.87167826401576,0.854219847625917,"Estimable"
"11_10-Cross BB14-4b","22",3.31650293383996,0.854339454531207,"Estimable"
"11_11-LTCk Vernal","23",3.30817254269904,0.854219847625917,"Estimable"
"11_11-LTCk Vernal","22",1.75299721252324,0.854339454531207,"Estimable"
"11_2-Cross BB14-4b","23",8.30817254269904,0.854219847625917,"Estimable"
"11_2-Cross BB14-4b","22",6.75299721252324,0.854339454531207,"Estimable"
"11_21-Cross BB14-1-a","23",10,0.854219847625917,"Estimable"
"11_21-Cross BB14-1-a","22",8.71066006497875,0.854339454531207,"Estimable"
"11_22-Cross BB14-1-a","23",8.99999999999999,1.18236334506035,"Estimable"
"11_22-Cross BB14-1-a","22",7.44482466982419,1.18440277773192,"Estimable"
"11_23-Cross BB14-1-a","23",8.26583539515455,0.854219847625917,"Estimable"
"11_23-Cross BB14-1-a","22",6.71066006497875,0.854339454531207,"Estimable"
"11_24-Cross BB14-1-a","23",9.7870039689268,0.854219847625917,"Estimable"
"11_24-Cross BB14-1-a","22",8.231828638751,0.854339454531207,"Estimable"
"11_25-Cross BB14-1-a","23",9.7870039689268,0.854219847625917,"Estimable"
"11_25-Cross BB14-1-a","22",8.231828638751,0.854339454531207,"Estimable"
"11_27-Cross BB14-1-a","23",8.78700396892679,0.854219847625917,"Estimable"
"11_27-Cross BB14-1-a","22",7.23182863875099,0.854339454531207,"Estimable"
"11_29-Cross BB14-1-a","23",7.99999999999999,1.18236334506035,"Estimable"
"11_29-Cross BB14-1-a","22",6.44482466982419,1.18440277773192,"Estimable"
"11_3-Cross BB14-4b","23",10,0.854219847625917,"Estimable"
"11_3-Cross BB14-4b","22",8.71066006497875,0.854339454531207,"Estimable"
"11_30-Cross BB14-1-a","23",9.7870039689268,0.854219847625917,"Estimable"
"11_30-Cross BB14-1-a","22",8.231828638751,0.854339454531207,"Estimable"
"11_31-Cross BB14-5p","23",7.7446668213823,0.854219847625917,"Estimable"
"11_31-Cross BB14-5p","22",6.1894914912065,0.854339454531207,"Estimable"
"11_32-Cross BB14-5p","23",9.7870039689268,0.854219847625917,"Estimable"
"11_32-Cross BB14-5p","22",8.231828638751,0.854339454531207,"Estimable"
"11_33-Cross BB14-5p","23",9.26583539515455,0.854219847625917,"Estimable"
"11_33-Cross BB14-5p","22",7.71066006497875,0.854339454531207,"Estimable"
"11_34-Cross BB14-5p","23",8.30817254269904,0.854219847625917,"Estimable"
"11_34-Cross BB14-5p","22",6.75299721252323,0.854339454531207,"Estimable"
"11_36-Cross BB14-5p","23",9.7870039689268,0.854219847625917,"Estimable"
"11_36-Cross BB14-5p","22",8.231828638751,0.854339454531207,"Estimable"
"11_38-Cross BB14-5p","23",3.78700396892679,0.854219847625917,"Estimable"
"11_38-Cross BB14-5p","22",2.23182863875099,0.854339454531207,"Estimable"
"11_39-Cross BB14-5p","23",7.78700396892679,0.854219847625917,"Estimable"
"11_39-Cross BB14-5p","22",6.23182863875099,0.854339454531207,"Estimable"
"11_4-Cross BB14-4b","23",9.74466682138231,0.854219847625917,"Estimable"
"11_4-Cross BB14-4b","22",8.18949149120651,0.854339454531207,"Estimable"
"11_40-Cross BB14-5p","23",8.78700396892679,0.854219847625917,"Estimable"
"11_40-Cross BB14-5p","22",7.23182863875099,0.854339454531207,"Estimable"
"11_5-Cross BB14-4b","23",10,0.854219847625917,"Estimable"
"11_5-Cross BB14-4b","22",8.71066006497875,0.854339454531207,"Estimable"
"11_6-Cross BB14-4b","23",9.7446668213823,0.854219847625917,"Estimable"
"11_6-Cross BB14-4b","22",8.1894914912065,0.854339454531207,"Estimable"
"11_7-Cross BB14-4b","23",7.30817254269903,0.854219847625917,"Estimable"
"11_7-Cross BB14-4b","22",5.75299721252323,0.854339454531207,"Estimable"
"11_8-Cross BB14-4b","23",7.78700396892679,0.854219847625917,"Estimable"
"11_8-Cross BB14-4b","22",6.23182863875098,0.854339454531207,"Estimable"
"11_9-Cross BB14-4b","23",10,0.854219847625917,"Estimable"
"11_9-Cross BB14-4b","22",8.71066006497875,0.854339454531207,"Estimable"
"12_1-Cross BB14-1-a","23",4.30817254269903,0.854219847625917,"Estimable"
"12_1-Cross BB14-1-a","22",2.75299721252323,0.854339454531207,"Estimable"
"12_10-Cross BB14-1-a","23",7.82934111647128,0.854219847625917,"Estimable"
"12_10-Cross BB14-1-a","22",6.27416578629548,0.854339454531207,"Estimable"
"12_11-Parent BB Ent 8","23",8.30817254269904,0.854219847625917,"Estimable"
"12_11-Parent BB Ent 8","22",6.75299721252323,0.854339454531207,"Estimable"
"12_12-Parent BB Ent 8","23",7.30817254269903,0.854219847625917,"Estimable"
"12_12-Parent BB Ent 8","22",5.75299721252323,0.854339454531207,"Estimable"
"12_13-Parent BB Ent 8","23",5.78700396892679,0.854219847625917,"Estimable"
"12_13-Parent BB Ent 8","22",4.23182863875098,0.854339454531207,"Estimable"
"12_14-Parent BB Ent 8","23",8.7446668213823,0.854219847625917,"Estimable"
"12_14-Parent BB Ent 8","22",7.1894914912065,0.854339454531207,"Estimable"
"12_15-Parent BB Ent 8","23",8.26583539515455,0.854219847625917,"Estimable"
"12_15-Parent BB Ent 8","22",6.71066006497874,0.854339454531207,"Estimable"
"12_16-Parent BB Ent 8","23",10,0.854219847625917,"Estimable"
"12_16-Parent BB Ent 8","22",8.71066006497875,0.854339454531207,"Estimable"
"12_17-Parent BB Ent 8","23",7.78700396892679,0.854219847625917,"Estimable"
"12_17-Parent BB Ent 8","22",6.23182863875098,0.854339454531207,"Estimable"
"12_18-Parent BB Ent 8","23",9.26583539515455,0.854219847625917,"Estimable"
"12_18-Parent BB Ent 8","22",7.71066006497875,0.854339454531207,"Estimable"
"12_2-Cross BB14-1-a","23",9.26583539515455,0.854219847625917,"Estimable"
"12_2-Cross BB14-1-a","22",7.71066006497875,0.854339454531207,"Estimable"
"12_20-Parent BB Ent 8","23",2.30817254269903,0.854219847625917,"Estimable"
"12_20-Parent BB Ent 8","22",0.752997212523232,0.854339454531207,"Estimable"
"12_21-Cross BB14-2-a","23",8.7446668213823,0.854219847625917,"Estimable"
"12_21-Cross BB14-2-a","22",7.1894914912065,0.854339454531207,"Estimable"
"12_22-Cross BB14-2-a","23",9.26583539515455,0.854219847625917,"Estimable"
"12_22-Cross BB14-2-a","22",7.71066006497875,0.854339454531207,"Estimable"
"12_23-Cross BB14-2-a","23",5.87167826401577,0.854219847625917,"Estimable"
"12_23-Cross BB14-2-a","22",4.31650293383997,0.854339454531207,"Estimable"
"12_24-Cross BB14-2-a","23",7.35050969024353,0.854219847625917,"Estimable"
"12_24-Cross BB14-2-a","22",5.79533436006772,0.854339454531207,"Estimable"
"12_25-Cross BB14-2-a","23",10,0.854219847625917,"Estimable"
"12_25-Cross BB14-2-a","22",8.71066006497875,0.854339454531207,"Estimable"
"12_27-Cross BB14-2-a","23",9.7870039689268,0.854219847625917,"Estimable"
"12_27-Cross BB14-2-a","22",8.231828638751,0.854339454531207,"Estimable"
"12_28-Cross BB14-2-a","23",6.87167826401577,0.854219847625917,"Estimable"
"12_28-Cross BB14-2-a","22",5.31650293383997,0.854339454531207,"Estimable"
"12_29-Cross BB14-2-a","23",7.78700396892679,0.854219847625917,"Estimable"
"12_29-Cross BB14-2-a","22",6.23182863875099,0.854339454531207,"Estimable"
"12_3-Cross BB14-1-a","23",9.26583539515455,0.854219847625917,"Estimable"
"12_3-Cross BB14-1-a","22",7.71066006497875,0.854339454531207,"Estimable"
"12_30-Cross BB14-2-a","23",10,0.854219847625917,"Estimable"
"12_30-Cross BB14-2-a","22",8.71066006497875,0.854339454531207,"Estimable"
"12_31-Parent BB Ent 8","23",2.5551753301758,1.23548221880245,"Estimable"
"12_31-Parent BB Ent 8","22",0.999999999999998,1.23352724040462,"Estimable"
"12_32-Parent BB Ent 8","23",9.26583539515455,0.854219847625917,"Estimable"
"12_32-Parent BB Ent 8","22",7.71066006497875,0.854339454531207,"Estimable"
"12_33-Parent BB Ent 8","23",7.35050969024353,0.854219847625917,"Estimable"
"12_33-Parent BB Ent 8","22",5.79533436006772,0.854339454531207,"Estimable"
"12_35-Parent BB Ent 8","23",10,0.854219847625917,"Estimable"
"12_35-Parent BB Ent 8","22",9.18949149120651,0.854339454531207,"Estimable"
"12_36-Parent BB Ent 8","23",8.78700396892679,0.854219847625917,"Estimable"
"12_36-Parent BB Ent 8","22",7.23182863875099,0.854339454531207,"Estimable"
"12_37-Parent BB Ent 8","23",9.7870039689268,0.854219847625917,"Estimable"
"12_37-Parent BB Ent 8","22",8.231828638751,0.854339454531207,"Estimable"
"12_38-Parent BB Ent 8","23",8.26583539515455,0.854219847625917,"Estimable"
"12_38-Parent BB Ent 8","22",6.71066006497874,0.854339454531207,"Estimable"
"12_39-Parent BB Ent 8","23",10,0.854219847625917,"Estimable"
"12_39-Parent BB Ent 8","22",8.71066006497875,0.854339454531207,"Estimable"
"12_4-Cross BB14-1-a","23",7.30817254269903,0.854219847625917,"Estimable"
"12_4-Cross BB14-1-a","22",5.75299721252323,0.854339454531207,"Estimable"
"12_40-Parent BB Ent 8","23",10,0.854219847625917,"Estimable"
"12_40-Parent BB Ent 8","22",9.18949149120651,0.854339454531207,"Estimable"
"12_5-Cross BB14-1-a","23",8.7446668213823,0.854219847625917,"Estimable"
"12_5-Cross BB14-1-a","22",7.1894914912065,0.854339454531207,"Estimable"
"12_6-Cross BB14-1-a","23",7.78700396892679,0.854219847625917,"Estimable"
"12_6-Cross BB14-1-a","22",6.23182863875098,0.854339454531207,"Estimable"
"12_7-Cross BB14-1-a","23",7.30817254269903,0.854219847625917,"Estimable"
"12_7-Cross BB14-1-a","22",5.75299721252323,0.854339454531207,"Estimable"
"12_8-Cross BB14-1-a","23",3,1.18236334506035,"Estimable"
"12_8-Cross BB14-1-a","22",1.4448246698242,1.18440277773192,"Estimable"
"12_9-Cross BB14-1-a","23",8.30817254269903,0.854219847625917,"Estimable"
"12_9-Cross BB14-1-a","22",6.75299721252323,0.854339454531207,"Estimable"
"13_1-Cross BB14-13p","23",5.35050969024352,0.854219847625917,"Estimable"
"13_1-Cross BB14-13p","22",3.79533436006772,0.854339454531207,"Estimable"
"13_10-Cross BB14-13p","23",2.5551753301758,1.23548221880245,"Estimable"
"13_10-Cross BB14-13p","22",0.999999999999996,1.23352724040462,"Estimable"
"13_11-Parent CT3-08","23",2.26583539515454,0.854219847625917,"Estimable"
"13_11-Parent CT3-08","22",0.710660064978742,0.854339454531207,"Estimable"
"13_13-Parent CT3-08","23",5.5551753301758,1.23548221880245,"Estimable"
"13_13-Parent CT3-08","22",4,1.23352724040462,"Estimable"
"13_15-Parent CT3-08","23",4.70232967383781,0.854219847625917,"Estimable"
"13_15-Parent CT3-08","22",3.14715434366201,0.854339454531207,"Estimable"
"13_16-Parent CT3-08","23",3.65999252629332,0.854219847625917,"Estimable"
"13_16-Parent CT3-08","22",2.10481719611752,0.854339454531207,"Estimable"
"13_17-Parent CT3-08","23",4.18116110006556,0.854219847625917,"Estimable"
"13_17-Parent CT3-08","22",2.62598576988976,0.854339454531207,"Estimable"
"13_18-Parent CT3-08","23",3.18116110006557,0.854219847625917,"Estimable"
"13_18-Parent CT3-08","22",1.62598576988976,0.854339454531207,"Estimable"
"13_19-Parent CT3-08","23",3.18116110006557,0.854219847625917,"Estimable"
"13_19-Parent CT3-08","22",1.62598576988977,0.854339454531206,"Estimable"
"13_2-Cross BB14-13p","23",4.35050969024352,0.854219847625917,"Estimable"
"13_2-Cross BB14-13p","22",2.79533436006772,0.854339454531207,"Estimable"
"13_20-Parent CT3-08","23",4.18116110006556,0.854219847625917,"Estimable"
"13_20-Parent CT3-08","22",2.62598576988976,0.854339454531207,"Estimable"
"13_21-Cross BB14-9p","23",10,0.854219847625917,"Estimable"
"13_21-Cross BB14-9p","22",9.18949149120651,0.854339454531207,"Estimable"
"13_22-Cross BB14-9p","23",9.26583539515455,0.854219847625917,"Estimable"
"13_22-Cross BB14-9p","22",7.71066006497875,0.854339454531207,"Estimable"
"13_23-Cross BB14-9p","23",10,0.854219847625917,"Estimable"
"13_23-Cross BB14-9p","22",9.1894914912065,0.854339454531207,"Estimable"
"13_24-Cross BB14-9p","23",10,0.854219847625917,"Estimable"
"13_24-Cross BB14-9p","22",9.18949149120651,0.854339454531207,"Estimable"
"13_25-Cross BB14-9p","23",9.26583539515455,0.854219847625917,"Estimable"
"13_25-Cross BB14-9p","22",7.71066006497875,0.854339454531207,"Estimable"
"13_26-Cross BB14-9p","23",7.7446668213823,0.854219847625917,"Estimable"
"13_26-Cross BB14-9p","22",6.1894914912065,0.854339454531207,"Estimable"
"13_27-Cross BB14-9p","23",2.7446668213823,0.854219847625917,"Estimable"
"13_27-Cross BB14-9p","22",1.1894914912065,0.854339454531207,"Estimable"
"13_28-Cross BB14-9p","23",9.26583539515455,0.854219847625917,"Estimable"
"13_28-Cross BB14-9p","22",7.71066006497875,0.854339454531207,"Estimable"
"13_29-Cross BB14-9p","23",7.5551753301758,1.23548221880245,"Estimable"
"13_29-Cross BB14-9p","22",6,1.23352724040462,"Estimable"
"13_3-Cross BB14-13p","23",5.78700396892679,0.854219847625917,"Estimable"
"13_3-Cross BB14-13p","22",4.23182863875099,0.854339454531207,"Estimable"
"13_30-Cross BB14-9p","23",8,1.18236334506035,"Estimable"
"13_30-Cross BB14-9p","22",6.4448246698242,1.18440277773192,"Estimable"
"13_31-Cross BB Ent 3","23",7.70232967383781,0.854219847625917,"Estimable"
"13_31-Cross BB Ent 3","22",6.14715434366201,0.854339454531207,"Estimable"
"13_35-Cross BB Ent 3","23",4.55517533017581,1.23548221880245,"Estimable"
"13_35-Cross BB Ent 3","22",3.00000000000001,1.23352724040462,"Estimable"
"13_36-Cross BB Ent 3","23",6.82934111647128,0.854219847625917,"Estimable"
"13_36-Cross BB Ent 3","22",5.27416578629548,0.854339454531206,"Estimable"
"13_39-Cross BB Ent 3","23",9.26583539515455,0.854219847625917,"Estimable"
"13_39-Cross BB Ent 3","22",7.71066006497875,0.854339454531207,"Estimable"
"13_40-Cross BB Ent 3","23",6,1.18236334506035,"Estimable"
"13_40-Cross BB Ent 3","22",4.44482466982419,1.18440277773192,"Estimable"
"13_5-Cross BB14-13p","23",7.30817254269903,0.854219847625917,"Estimable"
"13_5-Cross BB14-13p","22",5.75299721252323,0.854339454531206,"Estimable"
"13_6-Cross BB14-13p","23",5.35050969024352,0.854219847625917,"Estimable"
"13_6-Cross BB14-13p","22",3.79533436006772,0.854339454531206,"Estimable"
"13_7-Cross BB14-13p","23",4.87167826401576,0.854219847625917,"Estimable"
"13_7-Cross BB14-13p","22",3.31650293383996,0.854339454531206,"Estimable"
"13_8-Cross BB14-13p","23",4.35050969024352,0.854219847625917,"Estimable"
"13_8-Cross BB14-13p","22",2.79533436006772,0.854339454531207,"Estimable"
"13_9-Cross BB14-13p","23",5.78700396892679,0.854219847625917,"Estimable"
"13_9-Cross BB14-13p","22",4.23182863875099,0.854339454531207,"Estimable"
"14_1-Cross BB14-6b","23",0.999999999999989,1.18236334506035,"Estimable"
"14_1-Cross BB14-6b","22",0,1.18440277773192,"Estimable"
"14_10-Cross BB14-6b","23",7.30817254269903,0.854219847625917,"Estimable"
"14_10-Cross BB14-6b","22",5.75299721252323,0.854339454531206,"Estimable"
"14_13-Cross BB14-8b","23",3.18116110006557,0.854219847625917,"Estimable"
"14_13-Cross BB14-8b","22",1.62598576988976,0.854339454531207,"Estimable"
"14_14-Cross BB14-8b","23",5.7446668213823,0.854219847625917,"Estimable"
"14_14-Cross BB14-8b","22",4.1894914912065,0.854339454531207,"Estimable"
"14_16-Cross BB14-8b","23",3.5551753301758,1.23548221880245,"Estimable"
"14_16-Cross BB14-8b","22",2,1.23352724040462,"Estimable"
"14_17-Cross BB14-8b","23",2.18116110006557,0.854219847625917,"Estimable"
"14_17-Cross BB14-8b","22",0.625985769889767,0.854339454531206,"Estimable"
"14_18-Cross BB14-8b","23",5.22349824761005,0.854219847625917,"Estimable"
"14_18-Cross BB14-8b","22",3.66832291743425,0.854339454531206,"Estimable"
"14_19-Cross BB14-8b","23",5.7446668213823,0.854219847625917,"Estimable"
"14_19-Cross BB14-8b","22",4.1894914912065,0.854339454531207,"Estimable"
"14_20-Cross BB14-8b","23",2.78700396892679,0.854219847625917,"Estimable"
"14_20-Cross BB14-8b","22",1.23182863875099,0.854339454531207,"Estimable"
"14_21-Parent CT3-08","23",3.26583539515455,0.854219847625917,"Estimable"
"14_21-Parent CT3-08","22",1.71066006497875,0.854339454531206,"Estimable"
"14_22-Parent CT3-08","23",3.78700396892679,0.854219847625917,"Estimable"
"14_22-Parent CT3-08","22",2.23182863875099,0.854339454531206,"Estimable"
"14_23-Parent CT3-08","23",3.26583539515455,0.854219847625917,"Estimable"
"14_23-Parent CT3-08","22",1.71066006497875,0.854339454531206,"Estimable"
"14_24-Parent CT3-08","23",4.7446668213823,0.854219847625917,"Estimable"
"14_24-Parent CT3-08","22",3.1894914912065,0.854339454531206,"Estimable"
"14_25-Parent CT3-08","23",3.70232967383782,0.854219847625917,"Estimable"
"14_25-Parent CT3-08","22",2.14715434366201,0.854339454531206,"Estimable"
"14_26-Parent CT3-08","23",3.5551753301758,1.23548221880245,"Estimable"
"14_26-Parent CT3-08","22",2,1.23352724040462,"Estimable"
"14_28-Parent CT3-08","23",2.7446668213823,0.854219847625917,"Estimable"
"14_28-Parent CT3-08","22",1.1894914912065,0.854339454531206,"Estimable"
"14_30-Parent CT3-08","23",5.82934111647128,0.854219847625917,"Estimable"
"14_30-Parent CT3-08","22",4.27416578629548,0.854339454531206,"Estimable"
"14_31-Cross BB14-8b","23",3.5551753301758,1.23548221880245,"Estimable"
"14_31-Cross BB14-8b","22",2,1.23352724040462,"Estimable"
"14_32-Cross BB14-8b","23",6,1.18236334506035,"Estimable"
"14_32-Cross BB14-8b","22",4.44482466982419,1.18440277773192,"Estimable"
"14_33-Cross BB14-8b","23",7.30817254269903,0.854219847625917,"Estimable"
"14_33-Cross BB14-8b","22",5.75299721252323,0.854339454531206,"Estimable"
"14_34-Cross BB14-8b","23",6.26583539515454,0.854219847625917,"Estimable"
"14_34-Cross BB14-8b","22",4.71066006497874,0.854339454531206,"Estimable"
"14_36-Cross BB14-8b","23",3.5551753301758,1.23548221880245,"Estimable"
"14_36-Cross BB14-8b","22",2,1.23352724040462,"Estimable"
"14_37-Cross BB14-8b","23",4.7446668213823,0.854219847625917,"Estimable"
"14_37-Cross BB14-8b","22",3.18949149120649,0.854339454531207,"Estimable"
"14_5-Cross BB14-6b","23",8.26583539515454,0.854219847625917,"Estimable"
"14_5-Cross BB14-6b","22",6.71066006497874,0.854339454531206,"Estimable"
"14_6-Cross BB14-6b","23",6.22349824761005,0.854219847625917,"Estimable"
"14_6-Cross BB14-6b","22",4.66832291743425,0.854339454531207,"Estimable"
"14_7-Cross BB14-6b","23",5.22349824761005,0.854219847625917,"Estimable"
"14_7-Cross BB14-6b","22",3.66832291743425,0.854339454531206,"Estimable"
"14_8-Cross BB14-6b","23",9.78700396892679,0.854219847625917,"Estimable"
"14_8-Cross BB14-6b","22",8.23182863875099,0.854339454531207,"Estimable"
"14_9-Cross BB14-6b","23",8.78700396892679,0.854219847625917,"Estimable"
"14_9-Cross BB14-6b","22",7.23182863875099,0.854339454531207,"Estimable"
"15_1-Cross BB14-5p","23",8.30817254269903,0.854219847625917,"Estimable"
"15_1-Cross BB14-5p","22",6.75299721252323,0.854339454531206,"Estimable"
"15_11-Cross BB14-11p","23",4.26583539515454,0.854219847625917,"Estimable"
"15_11-Cross BB14-11p","22",2.71066006497874,0.854339454531206,"Estimable"
"15_13-Cross BB14-11p","23",4.7446668213823,0.854219847625917,"Estimable"
"15_13-Cross BB14-11p","22",3.1894914912065,0.854339454531206,"Estimable"
"15_15-Cross BB14-11p","23",3.26583539515455,0.854219847625917,"Estimable"
"15_15-Cross BB14-11p","22",1.71066006497875,0.854339454531206,"Estimable"
"15_16-Cross BB14-11p","23",3.26583539515455,0.854219847625917,"Estimable"
"15_16-Cross BB14-11p","22",1.71066006497875,0.854339454531206,"Estimable"
"15_17-Cross BB14-11p","23",2.7446668213823,0.854219847625917,"Estimable"
"15_17-Cross BB14-11p","22",1.1894914912065,0.854339454531206,"Estimable"
"15_18-Cross BB14-11p","23",3.26583539515455,0.854219847625917,"Estimable"
"15_18-Cross BB14-11p","22",1.71066006497875,0.854339454531206,"Estimable"
"15_20-Cross BB14-11p","23",2.7446668213823,0.854219847625916,"Estimable"
"15_20-Cross BB14-11p","22",1.1894914912065,0.854339454531206,"Estimable"
"15_21-Cross BB14-2-b","23",9.26583539515454,0.854219847625916,"Estimable"
"15_21-Cross BB14-2-b","22",7.71066006497874,0.854339454531206,"Estimable"
"15_22-Cross BB14-2-b","23",8.7446668213823,0.854219847625916,"Estimable"
"15_22-Cross BB14-2-b","22",7.1894914912065,0.854339454531206,"Estimable"
"15_23-Cross BB14-2-b","23",9.26583539515454,0.854219847625916,"Estimable"
"15_23-Cross BB14-2-b","22",7.71066006497874,0.854339454531206,"Estimable"
"15_24-Cross BB14-2-b","23",9.26583539515454,0.854219847625916,"Estimable"
"15_24-Cross BB14-2-b","22",7.71066006497874,0.854339454531206,"Estimable"
"15_25-Cross BB14-2-b","23",8.7446668213823,0.854219847625916,"Estimable"
"15_25-Cross BB14-2-b","22",7.1894914912065,0.854339454531206,"Estimable"
"15_27-Cross BB14-2-b","23",10,0.854219847625916,"Estimable"
"15_27-Cross BB14-2-b","22",8.71066006497875,0.854339454531206,"Estimable"
"15_28-Cross BB14-2-b","23",9.26583539515454,0.854219847625916,"Estimable"
"15_28-Cross BB14-2-b","22",7.71066006497874,0.854339454531206,"Estimable"
"15_29-Cross BB14-2-b","23",7.35050969024352,0.854219847625916,"Estimable"
"15_29-Cross BB14-2-b","22",5.79533436006772,0.854339454531206,"Estimable"
"15_3-Cross BB14-5p","23",9.26583539515454,0.854219847625916,"Estimable"
"15_3-Cross BB14-5p","22",7.71066006497874,0.854339454531206,"Estimable"
"15_30-Cross BB14-2-b","23",4.30817254269903,0.854219847625917,"Estimable"
"15_30-Cross BB14-2-b","22",2.75299721252323,0.854339454531206,"Estimable"
"15_31-Cross BB14-6b","23",9.22349824761005,0.854219847625916,"Estimable"
"15_31-Cross BB14-6b","22",7.66832291743425,0.854339454531206,"Estimable"
"15_35-Cross BB14-6b","23",8.7446668213823,0.854219847625916,"Estimable"
"15_35-Cross BB14-6b","22",7.1894914912065,0.854339454531206,"Estimable"
"15_36-Cross BB14-6b","23",10,0.854219847625916,"Estimable"
"15_36-Cross BB14-6b","22",8.71066006497875,0.854339454531206,"Estimable"
"15_37-Cross BB14-6b","23",7.30817254269904,0.854219847625916,"Estimable"
"15_37-Cross BB14-6b","22",5.75299721252324,0.854339454531206,"Estimable"
"15_39-Cross BB14-6b","23",8.30817254269903,0.854219847625916,"Estimable"
"15_39-Cross BB14-6b","22",6.75299721252323,0.854339454531206,"Estimable"
"15_4-Cross BB14-5p","23",9.26583539515454,0.854219847625916,"Estimable"
"15_4-Cross BB14-5p","22",7.71066006497874,0.854339454531206,"Estimable"
"15_40-Cross BB14-6b","23",10,0.854219847625916,"Estimable"
"15_40-Cross BB14-6b","22",8.71066006497875,0.854339454531206,"Estimable"
"15_5-Cross BB14-5p","23",7.26583539515455,0.854219847625916,"Estimable"
"15_5-Cross BB14-5p","22",5.71066006497875,0.854339454531206,"Estimable"
"15_6-Cross BB14-5p","23",8.30817254269903,0.854219847625917,"Estimable"
"15_6-Cross BB14-5p","22",6.75299721252323,0.854339454531206,"Estimable"
"15_7-Cross BB14-5p","23",8.30817254269904,0.854219847625916,"Estimable"
"15_7-Cross BB14-5p","22",6.75299721252324,0.854339454531206,"Estimable"
"15_8-Cross BB14-5p","23",6.7446668213823,0.854219847625916,"Estimable"
"15_8-Cross BB14-5p","22",5.1894914912065,0.854339454531206,"Estimable"
"15_9-Cross BB14-5p","23",8.7446668213823,0.854219847625917,"Estimable"
"15_9-Cross BB14-5p","22",7.1894914912065,0.854339454531206,"Estimable"
"16_1-Cross BB14-7p","23",3.5551753301758,1.23548221880245,"Estimable"
"16_1-Cross BB14-7p","22",1.99999999999999,1.23352724040462,"Estimable"
"16_10-Cross BB14-7p","23",7.5551753301758,1.23548221880245,"Estimable"
"16_10-Cross BB14-7p","22",6,1.23352724040462,"Estimable"
"16_11-Cross BB14-10b","23",7.78700396892679,0.854219847625916,"Estimable"
"16_11-Cross BB14-10b","22",6.23182863875099,0.854339454531206,"Estimable"
"16_12-Cross BB14-10b","23",8.78700396892679,0.854219847625917,"Estimable"
"16_12-Cross BB14-10b","22",7.23182863875099,0.854339454531206,"Estimable"
"16_13-Cross BB14-10b","23",8.78700396892679,0.854219847625917,"Estimable"
"16_13-Cross BB14-10b","22",7.23182863875099,0.854339454531206,"Estimable"
"16_14-Cross BB14-10b","23",9.7446668213823,0.854219847625917,"Estimable"
"16_14-Cross BB14-10b","22",8.1894914912065,0.854339454531206,"Estimable"
"16_15-Cross BB14-10b","23",9.7446668213823,0.854219847625917,"Estimable"
"16_15-Cross BB14-10b","22",8.1894914912065,0.854339454531206,"Estimable"
"16_16-Cross BB14-10b","23",4.78700396892679,0.854219847625916,"Estimable"
"16_16-Cross BB14-10b","22",3.23182863875099,0.854339454531206,"Estimable"
"16_17-Cross BB14-10b","23",9.7446668213823,0.854219847625916,"Estimable"
"16_17-Cross BB14-10b","22",8.1894914912065,0.854339454531206,"Estimable"
"16_18-Cross BB14-10b","23",9.7446668213823,0.854219847625917,"Estimable"
"16_18-Cross BB14-10b","22",8.1894914912065,0.854339454531206,"Estimable"
"16_19-Cross BB14-10b","23",9.7446668213823,0.854219847625917,"Estimable"
"16_19-Cross BB14-10b","22",8.1894914912065,0.854339454531206,"Estimable"
"16_2-Cross BB14-7p","23",1.22349824761006,0.854219847625917,"Estimable"
"16_2-Cross BB14-7p","22",0,0.854339454531206,"Estimable"
"16_20-Cross BB14-10b","23",8.7446668213823,0.854219847625917,"Estimable"
"16_20-Cross BB14-10b","22",7.1894914912065,0.854339454531206,"Estimable"
"16_23-Cross BB14-14b","23",5.87167826401577,0.854219847625917,"Estimable"
"16_23-Cross BB14-14b","22",4.31650293383997,0.854339454531206,"Estimable"
"16_24-Cross BB14-14b","23",7.26583539515454,0.854219847625917,"Estimable"
"16_24-Cross BB14-14b","22",5.71066006497874,0.854339454531206,"Estimable"
"16_25-Cross BB14-14b","23",6.35050969024352,0.854219847625917,"Estimable"
"16_25-Cross BB14-14b","22",4.79533436006772,0.854339454531206,"Estimable"
"16_27-Cross BB14-14b","23",5.82934111647128,0.854219847625917,"Estimable"
"16_27-Cross BB14-14b","22",4.27416578629548,0.854339454531206,"Estimable"
"16_28-Cross BB14-14b","23",9.26583539515455,0.854219847625917,"Estimable"
"16_28-Cross BB14-14b","22",7.71066006497875,0.854339454531206,"Estimable"
"16_3-Cross BB14-7p","23",4.82934111647128,0.854219847625917,"Estimable"
"16_3-Cross BB14-7p","22",3.27416578629548,0.854339454531206,"Estimable"
"16_31-Cross BB14-7p","23",3.70232967383782,0.854219847625917,"Estimable"
"16_31-Cross BB14-7p","22",2.14715434366201,0.854339454531206,"Estimable"
"16_34-Cross BB14-7p","23",4.5551753301758,1.23548221880245,"Estimable"
"16_34-Cross BB14-7p","22",3,1.23352724040462,"Estimable"
"16_35-Cross BB14-7p","23",2.5551753301758,1.23548221880245,"Estimable"
"16_35-Cross BB14-7p","22",0.999999999999996,1.23352724040462,"Estimable"
"16_36-Cross BB14-7p","23",3.82934111647128,0.854219847625917,"Estimable"
"16_36-Cross BB14-7p","22",2.27416578629548,0.854339454531206,"Estimable"
"16_37-Cross BB14-7p","23",2.5551753301758,1.23548221880245,"Estimable"
"16_37-Cross BB14-7p","22",0.999999999999997,1.23352724040462,"Estimable"
"16_39-Cross BB14-7p","23",4.78700396892679,0.854219847625917,"Estimable"
"16_39-Cross BB14-7p","22",3.23182863875099,0.854339454531206,"Estimable"
"16_4-Cross BB14-7p","23",5.78700396892679,0.854219847625917,"Estimable"
"16_4-Cross BB14-7p","22",4.23182863875099,0.854339454531206,"Estimable"
"16_40-Cross BB14-7p","23",2.5551753301758,1.23548221880245,"Estimable"
"16_40-Cross BB14-7p","22",0.999999999999997,1.23352724040462,"Estimable"
"16_5-Cross BB14-7p","23",2.78700396892679,0.854219847625917,"Estimable"
"16_5-Cross BB14-7p","22",1.23182863875099,0.854339454531206,"Estimable"
"16_7-Cross BB14-7p","23",5.26583539515455,0.854219847625916,"Estimable"
"16_7-Cross BB14-7p","22",3.71066006497874,0.854339454531206,"Estimable"
"16_8-Cross BB14-7p","23",2.74466682138231,0.854219847625917,"Estimable"
"16_8-Cross BB14-7p","22",1.1894914912065,0.854339454531206,"Estimable"
"17_1-Cross BB14-2-a","23",10,0.854219847625917,"Estimable"
"17_1-Cross BB14-2-a","22",9.1894914912065,0.854339454531206,"Estimable"
"17_10-Cross BB14-2-a","23",10,0.854219847625916,"Estimable"
"17_10-Cross BB14-2-a","22",8.71066006497875,0.854339454531206,"Estimable"
"17_11-Cross BB14-2-b","23",8.7446668213823,0.854219847625916,"Estimable"
"17_11-Cross BB14-2-b","22",7.1894914912065,0.854339454531206,"Estimable"
"17_12-Cross BB14-2-b","23",9.7446668213823,0.854219847625916,"Estimable"
"17_12-Cross BB14-2-b","22",8.1894914912065,0.854339454531206,"Estimable"
"17_13-Cross BB14-2-b","23",9.26583539515455,0.854219847625916,"Estimable"
"17_13-Cross BB14-2-b","22",7.71066006497875,0.854339454531206,"Estimable"
"17_14-Cross BB14-2-b","23",10,0.854219847625917,"Estimable"
"17_14-Cross BB14-2-b","22",8.71066006497875,0.854339454531206,"Estimable"
"17_15-Cross BB14-2-b","23",5.26583539515455,0.854219847625916,"Estimable"
"17_15-Cross BB14-2-b","22",3.71066006497874,0.854339454531206,"Estimable"
"17_16-Cross BB14-2-b","23",10,0.854219847625916,"Estimable"
"17_16-Cross BB14-2-b","22",8.71066006497875,0.854339454531206,"Estimable"
"17_17-Cross BB14-2-b","23",7.5551753301758,1.23548221880245,"Estimable"
"17_17-Cross BB14-2-b","22",6,1.23352724040462,"Estimable"
"17_19-Cross BB14-2-b","23",9.30817254269903,0.854219847625917,"Estimable"
"17_19-Cross BB14-2-b","22",7.75299721252323,0.854339454531206,"Estimable"
"17_20-Cross BB14-2-b","23",8.78700396892679,0.854219847625916,"Estimable"
"17_20-Cross BB14-2-b","22",7.23182863875099,0.854339454531206,"Estimable"
"17_22-Cross BB14-12b","23",2.5551753301758,1.23548221880245,"Estimable"
"17_22-Cross BB14-12b","22",1,1.23352724040462,"Estimable"
"17_26-Cross BB14-12b","23",3.26583539515455,0.854219847625916,"Estimable"
"17_26-Cross BB14-12b","22",1.71066006497875,0.854339454531206,"Estimable"
"17_28-Cross BB14-12b","23",7.78700396892679,0.854219847625917,"Estimable"
"17_28-Cross BB14-12b","22",6.23182863875099,0.854339454531206,"Estimable"
"17_29-Cross BB14-12b","23",7.5551753301758,1.23548221880245,"Estimable"
"17_29-Cross BB14-12b","22",6,1.23352724040462,"Estimable"
"17_3-Cross BB14-2-a","23",8.26583539515455,0.854219847625917,"Estimable"
"17_3-Cross BB14-2-a","22",6.71066006497875,0.854339454531206,"Estimable"
"17_30-Cross BB14-12b","23",9.78700396892679,0.854219847625917,"Estimable"
"17_30-Cross BB14-12b","22",8.23182863875099,0.854339454531206,"Estimable"
"17_31-Cross BB14-1-b","23",9.26583539515455,0.854219847625917,"Estimable"
"17_31-Cross BB14-1-b","22",7.71066006497875,0.854339454531206,"Estimable"
"17_35-Cross BB14-1-b","23",10,0.854219847625916,"Estimable"
"17_35-Cross BB14-1-b","22",9.1894914912065,0.854339454531206,"Estimable"
"17_36-Cross BB14-1-b","23",9.7446668213823,0.854219847625917,"Estimable"
"17_36-Cross BB14-1-b","22",8.1894914912065,0.854339454531206,"Estimable"
"17_4-Cross BB14-2-a","23",9.26583539515455,0.854219847625916,"Estimable"
"17_4-Cross BB14-2-a","22",7.71066006497875,0.854339454531206,"Estimable"
"17_5-Cross BB14-2-a","23",9.26583539515455,0.854219847625916,"Estimable"
"17_5-Cross BB14-2-a","22",7.71066006497875,0.854339454531206,"Estimable"
"17_6-Cross BB14-2-a","23",9.26583539515455,0.854219847625917,"Estimable"
"17_6-Cross BB14-2-a","22",7.71066006497875,0.854339454531206,"Estimable"
"17_7-Cross BB14-2-a","23",8.78700396892679,0.854219847625917,"Estimable"
"17_7-Cross BB14-2-a","22",7.23182863875099,0.854339454531206,"Estimable"
"17_8-Cross BB14-2-a","23",8.26583539515455,0.854219847625917,"Estimable"
"17_8-Cross BB14-2-a","22",6.71066006497875,0.854339454531206,"Estimable"
"17_9-Cross BB14-2-a","23",4.82934111647128,0.854219847625917,"Estimable"
"17_9-Cross BB14-2-a","22",3.27416578629548,0.854339454531206,"Estimable"
"18_10-Cross BB Ent 3","23",7.78700396892679,0.854219847625917,"Estimable"
"18_10-Cross BB Ent 3","22",6.23182863875099,0.854339454531206,"Estimable"
"18_12-Cross BB14-14b","23",3.26583539515455,0.854219847625917,"Estimable"
"18_12-Cross BB14-14b","22",1.71066006497875,0.854339454531206,"Estimable"
"18_13-Cross BB14-14b","23",5.70232967383781,0.854219847625916,"Estimable"
"18_13-Cross BB14-14b","22",4.14715434366201,0.854339454531206,"Estimable"
"18_14-Cross BB14-14b","23",6.30817254269903,0.854219847625917,"Estimable"
"18_14-Cross BB14-14b","22",4.75299721252323,0.854339454531206,"Estimable"
"18_15-Cross BB14-14b","23",5.5551753301758,1.23548221880245,"Estimable"
"18_15-Cross BB14-14b","22",4,1.23352724040462,"Estimable"
"18_16-Cross BB14-14b","23",6.5551753301758,1.23548221880245,"Estimable"
"18_16-Cross BB14-14b","22",5,1.23352724040462,"Estimable"
"18_17-Cross BB14-14b","23",10,0.854219847625917,"Estimable"
"18_17-Cross BB14-14b","22",8.71066006497875,0.854339454531206,"Estimable"
"18_18-Cross BB14-14b","23",4.26583539515454,0.854219847625917,"Estimable"
"18_18-Cross BB14-14b","22",2.71066006497874,0.854339454531206,"Estimable"
"18_20-Cross BB14-14b","23",4.26583539515454,0.854219847625917,"Estimable"
"18_20-Cross BB14-14b","22",2.71066006497874,0.854339454531206,"Estimable"
"18_21-Cross BB14-13p","23",4.78700396892679,0.854219847625917,"Estimable"
"18_21-Cross BB14-13p","22",3.23182863875099,0.854339454531206,"Estimable"
"18_22-Cross BB14-13p","23",5.22349824761005,0.854219847625917,"Estimable"
"18_22-Cross BB14-13p","22",3.66832291743425,0.854339454531206,"Estimable"
"18_23-Cross BB14-13p","23",3.30817254269904,0.854219847625917,"Estimable"
"18_23-Cross BB14-13p","22",1.75299721252324,0.854339454531206,"Estimable"
"18_24-Cross BB14-13p","23",3.5551753301758,1.23548221880245,"Estimable"
"18_24-Cross BB14-13p","22",2,1.23352724040462,"Estimable"
"18_25-Cross BB14-13p","23",5.26583539515455,0.854219847625917,"Estimable"
"18_25-Cross BB14-13p","22",3.71066006497874,0.854339454531206,"Estimable"
"18_26-Cross BB14-13p","23",4.7446668213823,0.854219847625917,"Estimable"
"18_26-Cross BB14-13p","22",3.1894914912065,0.854339454531206,"Estimable"
"18_27-Cross BB14-13p","23",4.30817254269903,0.854219847625917,"Estimable"
"18_27-Cross BB14-13p","22",2.75299721252323,0.854339454531206,"Estimable"
"18_28-Cross BB14-13p","23",4.82934111647128,0.854219847625917,"Estimable"
"18_28-Cross BB14-13p","22",3.27416578629548,0.854339454531206,"Estimable"
"18_29-Cross BB14-13p","23",5.7446668213823,0.854219847625917,"Estimable"
"18_29-Cross BB14-13p","22",4.1894914912065,0.854339454531206,"Estimable"
"18_3-Cross BB Ent 3","23",6.82934111647128,0.854219847625917,"Estimable"
"18_3-Cross BB Ent 3","22",5.27416578629548,0.854339454531206,"Estimable"
"18_30-Cross BB14-13p","23",2.5551753301758,1.23548221880245,"Estimable"
"18_30-Cross BB14-13p","22",0.999999999999997,1.23352724040462,"Estimable"
"18_31-Cross BB14-11p","23",5.26583539515454,0.854219847625917,"Estimable"
"18_31-Cross BB14-11p","22",3.71066006497874,0.854339454531206,"Estimable"
"18_32-Cross BB14-11p","23",5.5551753301758,1.23548221880245,"Estimable"
"18_32-Cross BB14-11p","22",4,1.23352724040462,"Estimable"
"18_35-Cross BB14-11p","23",7.78700396892679,0.854219847625917,"Estimable"
"18_35-Cross BB14-11p","22",6.23182863875099,0.854339454531206,"Estimable"
"18_36-Cross BB14-11p","23",3.5551753301758,1.23548221880245,"Estimable"
"18_36-Cross BB14-11p","22",2,1.23352724040462,"Estimable"
"18_38-Cross BB14-11p","23",5.7446668213823,0.854219847625917,"Estimable"
"18_38-Cross BB14-11p","22",4.1894914912065,0.854339454531207,"Estimable"
"18_39-Cross BB14-11p","23",6.5551753301758,1.23548221880245,"Estimable"
"18_39-Cross BB14-11p","22",5,1.23352724040462,"Estimable"
"18_4-Cross BB Ent 3","23",7.78700396892679,0.854219847625917,"Estimable"
"18_4-Cross BB Ent 3","22",6.23182863875099,0.854339454531206,"Estimable"
"18_40-Cross BB14-11p","23",6.5551753301758,1.23548221880245,"Estimable"
"18_40-Cross BB14-11p","22",5,1.23352724040462,"Estimable"
"18_5-Cross BB Ent 3","23",7.78700396892679,0.854219847625917,"Estimable"
"18_5-Cross BB Ent 3","22",6.23182863875099,0.854339454531206,"Estimable"
"18_6-Cross BB Ent 3","23",7.78700396892679,0.854219847625917,"Estimable"
"18_6-Cross BB Ent 3","22",6.23182863875099,0.854339454531206,"Estimable"
"18_7-Cross BB Ent 3","23",7.5551753301758,1.23548221880245,"Estimable"
"18_7-Cross BB Ent 3","22",6,1.23352724040462,"Estimable"
"18_9-Cross BB Ent 3","23",8.26583539515455,0.854219847625917,"Estimable"
"18_9-Cross BB Ent 3","22",6.71066006497874,0.854339454531206,"Estimable"
"19_1-Cross BB14-12b","23",3.26583539515455,0.854219847625917,"Estimable"
"19_1-Cross BB14-12b","22",1.71066006497875,0.854339454531206,"Estimable"
"19_10-Cross BB14-12b","23",4.30817254269903,0.854219847625917,"Estimable"
"19_10-Cross BB14-12b","22",2.75299721252323,0.854339454531206,"Estimable"
"19_11-Cross BB14-9p","23",8.22349824761006,0.854219847625917,"Estimable"
"19_11-Cross BB14-9p","22",6.66832291743425,0.854339454531206,"Estimable"
"19_12-Cross BB14-9p","23",5.7446668213823,0.854219847625917,"Estimable"
"19_12-Cross BB14-9p","22",4.1894914912065,0.854339454531207,"Estimable"
"19_14-Cross BB14-9p","23",6.7446668213823,0.854219847625917,"Estimable"
"19_14-Cross BB14-9p","22",5.1894914912065,0.854339454531207,"Estimable"
"19_15-Cross BB14-9p","23",7.70232967383781,0.854219847625917,"Estimable"
"19_15-Cross BB14-9p","22",6.14715434366201,0.854339454531207,"Estimable"
"19_16-Cross BB14-9p","23",8.7446668213823,0.854219847625917,"Estimable"
"19_16-Cross BB14-9p","22",7.1894914912065,0.854339454531207,"Estimable"
"19_17-Cross BB14-9p","23",8.22349824761006,0.854219847625917,"Estimable"
"19_17-Cross BB14-9p","22",6.66832291743425,0.854339454531207,"Estimable"
"19_18-Cross BB14-9p","23",6.7446668213823,0.854219847625917,"Estimable"
"19_18-Cross BB14-9p","22",5.1894914912065,0.854339454531207,"Estimable"
"19_2-Cross BB14-12b","23",6.22349824761006,0.854219847625917,"Estimable"
"19_2-Cross BB14-12b","22",4.66832291743425,0.854339454531206,"Estimable"
"19_20-Cross BB14-9p","23",9.7446668213823,0.854219847625917,"Estimable"
"19_20-Cross BB14-9p","22",8.1894914912065,0.854339454531206,"Estimable"
"19_21-Cross BB14-10b","23",9.26583539515454,0.854219847625917,"Estimable"
"19_21-Cross BB14-10b","22",7.71066006497874,0.854339454531206,"Estimable"
"19_22-Cross BB14-10b","23",7.26583539515454,0.854219847625917,"Estimable"
"19_22-Cross BB14-10b","22",5.71066006497874,0.854339454531206,"Estimable"
"19_23-Cross BB14-10b","23",9.26583539515454,0.854219847625917,"Estimable"
"19_23-Cross BB14-10b","22",7.71066006497874,0.854339454531207,"Estimable"
"19_24-Cross BB14-10b","23",5.78700396892679,0.854219847625917,"Estimable"
"19_24-Cross BB14-10b","22",4.23182863875099,0.854339454531206,"Estimable"
"19_25-Cross BB14-10b","23",8.26583539515455,0.854219847625917,"Estimable"
"19_25-Cross BB14-10b","22",6.71066006497874,0.854339454531206,"Estimable"
"19_26-Cross BB14-10b","23",9.78700396892679,0.854219847625917,"Estimable"
"19_26-Cross BB14-10b","22",8.23182863875099,0.854339454531207,"Estimable"
"19_27-Cross BB14-10b","23",9.26583539515455,0.854219847625917,"Estimable"
"19_27-Cross BB14-10b","22",7.71066006497875,0.854339454531207,"Estimable"
"19_28-Cross BB14-10b","23",9.26583539515455,0.854219847625917,"Estimable"
"19_28-Cross BB14-10b","22",7.71066006497875,0.854339454531207,"Estimable"
"19_29-Cross BB14-10b","23",9.26583539515455,0.854219847625917,"Estimable"
"19_29-Cross BB14-10b","22",7.71066006497875,0.854339454531207,"Estimable"
"19_30-Cross BB14-10b","23",9.26583539515455,0.854219847625917,"Estimable"
"19_30-Cross BB14-10b","22",7.71066006497875,0.854339454531207,"Estimable"
"19_31-Cross BB14-4b","23",9.78700396892679,0.854219847625917,"Estimable"
"19_31-Cross BB14-4b","22",8.23182863875099,0.854339454531207,"Estimable"
"19_32-Cross BB14-4b","23",10,0.854219847625917,"Estimable"
"19_32-Cross BB14-4b","22",8.71066006497875,0.854339454531207,"Estimable"
"19_35-Cross BB14-4b","23",10,0.854219847625917,"Estimable"
"19_35-Cross BB14-4b","22",8.71066006497874,0.854339454531207,"Estimable"
"19_36-Cross BB14-4b","23",10,0.854219847625917,"Estimable"
"19_36-Cross BB14-4b","22",9.1894914912065,0.854339454531207,"Estimable"
"19_37-Cross BB14-4b","23",9.7446668213823,0.854219847625917,"Estimable"
"19_37-Cross BB14-4b","22",8.1894914912065,0.854339454531207,"Estimable"
"19_38-Cross BB14-4b","23",9.7446668213823,0.854219847625917,"Estimable"
"19_38-Cross BB14-4b","22",8.1894914912065,0.854339454531207,"Estimable"
"19_39-Cross BB14-4b","23",10,0.854219847625917,"Estimable"
"19_39-Cross BB14-4b","22",9.1894914912065,0.854339454531207,"Estimable"
"19_40-Cross BB14-4b","23",10,0.854219847625917,"Estimable"
"19_40-Cross BB14-4b","22",9.1894914912065,0.854339454531207,"Estimable"
"19_7-Cross BB14-12b","23",4.30817254269903,0.854219847625917,"Estimable"
"19_7-Cross BB14-12b","22",2.75299721252323,0.854339454531207,"Estimable"
"2_10-LTCK Vernal","23",4.7446668213823,0.854219847625917,"Estimable"
"2_10-LTCK Vernal","22",3.1894914912065,0.854339454531206,"Estimable"
"2_11-Cross BB14-13p","23",3.30817254269903,0.854219847625917,"Estimable"
"2_11-Cross BB14-13p","22",1.75299721252323,0.854339454531207,"Estimable"
"2_12-Cross BB14-13p","23",4.7446668213823,0.854219847625917,"Estimable"
"2_12-Cross BB14-13p","22",3.1894914912065,0.854339454531206,"Estimable"
"2_13-Cross BB14-13p","23",3.82934111647128,0.854219847625917,"Estimable"
"2_13-Cross BB14-13p","22",2.27416578629548,0.854339454531206,"Estimable"
"2_14-Cross BB14-13p","23",2.82934111647128,0.854219847625917,"Estimable"
"2_14-Cross BB14-13p","22",1.27416578629548,0.854339454531207,"Estimable"
"2_15-Cross BB14-13p","23",4.30817254269903,0.854219847625917,"Estimable"
"2_15-Cross BB14-13p","22",2.75299721252323,0.854339454531207,"Estimable"
"2_16-Cross BB14-13p","23",3.30817254269903,0.854219847625917,"Estimable"
"2_16-Cross BB14-13p","22",1.75299721252323,0.854339454531206,"Estimable"
"2_17-Cross BB14-13p","23",5.7446668213823,0.854219847625917,"Estimable"
"2_17-Cross BB14-13p","22",4.1894914912065,0.854339454531206,"Estimable"
"2_18-Cross BB14-13p","23",3.78700396892679,0.854219847625917,"Estimable"
"2_18-Cross BB14-13p","22",2.23182863875099,0.854339454531207,"Estimable"
"2_19-Cross BB14-13p","23",4.30817254269903,0.854219847625917,"Estimable"
"2_19-Cross BB14-13p","22",2.75299721252323,0.854339454531206,"Estimable"
"2_20-Cross BB14-13p","23",4.30817254269903,0.854219847625917,"Estimable"
"2_20-Cross BB14-13p","22",2.75299721252323,0.854339454531206,"Estimable"
"2_21-Cross BB Ent 8","23",10,0.854219847625917,"Estimable"
"2_21-Cross BB Ent 8","22",8.71066006497874,0.854339454531206,"Estimable"
"2_22-Cross BB Ent 8","23",10,0.854219847625917,"Estimable"
"2_22-Cross BB Ent 8","22",8.71066006497874,0.854339454531207,"Estimable"
"2_24-Cross BB Ent 8","23",10,0.854219847625917,"Estimable"
"2_24-Cross BB Ent 8","22",8.71066006497874,0.854339454531207,"Estimable"
"2_25-Cross BB Ent 8","23",4.30817254269903,0.854219847625917,"Estimable"
"2_25-Cross BB Ent 8","22",2.75299721252323,0.854339454531207,"Estimable"
"2_26-Cross BB Ent 8","23",9.78700396892679,0.854219847625917,"Estimable"
"2_26-Cross BB Ent 8","22",8.23182863875099,0.854339454531207,"Estimable"
"2_27-Cross BB Ent 8","23",9.78700396892679,0.854219847625917,"Estimable"
"2_27-Cross BB Ent 8","22",8.23182863875099,0.854339454531207,"Estimable"
"2_29-Cross BB Ent 8","23",9.78700396892679,0.854219847625917,"Estimable"
"2_29-Cross BB Ent 8","22",8.23182863875099,0.854339454531207,"Estimable"
"2_30-Cross BB Ent 8","23",6.7446668213823,0.854219847625917,"Estimable"
"2_30-Cross BB Ent 8","22",5.1894914912065,0.854339454531207,"Estimable"
"2_32-Cross BB14-2-a","23",7.78700396892679,0.854219847625917,"Estimable"
"2_32-Cross BB14-2-a","22",6.23182863875099,0.854339454531207,"Estimable"
"2_33-Cross BB14-2-a","23",7.78700396892679,0.854219847625917,"Estimable"
"2_33-Cross BB14-2-a","22",6.23182863875099,0.854339454531207,"Estimable"
"2_34-Cross BB14-2-a","23",5.30817254269903,0.854219847625917,"Estimable"
"2_34-Cross BB14-2-a","22",3.75299721252323,0.854339454531207,"Estimable"
"2_35-Cross BB14-2-a","23",8.78700396892679,0.854219847625917,"Estimable"
"2_35-Cross BB14-2-a","22",7.23182863875099,0.854339454531207,"Estimable"
"2_37-Cross BB14-2-a","23",6.35050969024352,0.854219847625917,"Estimable"
"2_37-Cross BB14-2-a","22",4.79533436006772,0.854339454531207,"Estimable"
"2_38-Cross BB14-2-a","23",10,0.854219847625917,"Estimable"
"2_38-Cross BB14-2-a","22",8.71066006497874,0.854339454531207,"Estimable"
"2_39-Cross BB14-2-a","23",10,0.854219847625917,"Estimable"
"2_39-Cross BB14-2-a","22",9.1894914912065,0.854339454531207,"Estimable"
"2_4-LTCK Vernal","23",2.78700396892679,0.854219847625917,"Estimable"
"2_4-LTCK Vernal","22",1.23182863875099,0.854339454531207,"Estimable"
"2_40-Cross BB14-2-a","23",7.35050969024352,0.854219847625917,"Estimable"
"2_40-Cross BB14-2-a","22",5.79533436006772,0.854339454531207,"Estimable"
"2_7-LTCK Vernal","23",2.7446668213823,0.854219847625917,"Estimable"
"2_7-LTCK Vernal","22",1.1894914912065,0.854339454531207,"Estimable"
"2_8-LTCK Vernal","23",2.5551753301758,1.23548221880245,"Estimable"
"2_8-LTCK Vernal","22",1,1.23352724040462,"Estimable"
"2_9-LTCK Vernal","23",4.70232967383781,0.854219847625917,"Estimable"
"2_9-LTCK Vernal","22",3.14715434366201,0.854339454531206,"Estimable"
"20_1-Cross BB14-1-b","23",10,0.854219847625917,"Estimable"
"20_1-Cross BB14-1-b","22",8.71066006497874,0.854339454531207,"Estimable"
"20_10-Cross BB14-1-b","23",10,0.854219847625917,"Estimable"
"20_10-Cross BB14-1-b","22",9.1894914912065,0.854339454531207,"Estimable"
"20_11-Cross BB14-3p","23",3.18116110006557,0.854219847625917,"Estimable"
"20_11-Cross BB14-3p","22",1.62598576988976,0.854339454531207,"Estimable"
"20_12-Cross BB14-3p","23",5.5551753301758,1.23548221880245,"Estimable"
"20_12-Cross BB14-3p","22",4,1.23352724040462,"Estimable"
"20_13-Cross BB14-3p","23",10,0.854219847625917,"Estimable"
"20_13-Cross BB14-3p","22",9.1894914912065,0.854339454531207,"Estimable"
"20_14-Cross BB14-3p","23",10,0.854219847625917,"Estimable"
"20_14-Cross BB14-3p","22",9.1894914912065,0.854339454531207,"Estimable"
"20_15-Cross BB14-3p","23",5.26583539515454,0.854219847625917,"Estimable"
"20_15-Cross BB14-3p","22",3.71066006497874,0.854339454531207,"Estimable"
"20_16-Cross BB14-3p","23",10,0.854219847625917,"Estimable"
"20_16-Cross BB14-3p","22",8.71066006497874,0.854339454531207,"Estimable"
"20_17-Cross BB14-3p","23",7.5551753301758,1.23548221880245,"Estimable"
"20_17-Cross BB14-3p","22",6,1.23352724040462,"Estimable"
"20_18-Cross BB14-3p","23",4.30817254269904,0.854219847625917,"Estimable"
"20_18-Cross BB14-3p","22",2.75299721252323,0.854339454531206,"Estimable"
"20_19-Cross BB14-3p","23",3.5551753301758,1.23548221880245,"Estimable"
"20_19-Cross BB14-3p","22",2,1.23352724040462,"Estimable"
"20_20-Cross BB14-3p","23",9.7870039689268,0.854219847625917,"Estimable"
"20_20-Cross BB14-3p","22",8.23182863875099,0.854339454531207,"Estimable"
"20_23-LTCk Vernal","23",6.7446668213823,0.854219847625917,"Estimable"
"20_23-LTCk Vernal","22",5.1894914912065,0.854339454531207,"Estimable"
"20_24-LTCk Vernal","23",2.78700396892679,0.854219847625917,"Estimable"
"20_24-LTCk Vernal","22",1.23182863875098,0.854339454531207,"Estimable"
"20_26-LTCk Vernal","23",3.7446668213823,0.854219847625917,"Estimable"
"20_26-LTCk Vernal","22",2.1894914912065,0.854339454531207,"Estimable"
"20_29-LTCk Vernal","23",4.22349824761006,0.854219847625917,"Estimable"
"20_29-LTCk Vernal","22",2.66832291743425,0.854339454531207,"Estimable"
"20_3-Cross BB14-1-b","23",5,1.18236334506035,"Estimable"
"20_3-Cross BB14-1-b","22",3.4448246698242,1.18440277773192,"Estimable"
"20_31-Cross BB14-3p","23",9.26583539515455,0.854219847625917,"Estimable"
"20_31-Cross BB14-3p","22",7.71066006497875,0.854339454531207,"Estimable"
"20_32-Cross BB14-3p","23",10,0.854219847625917,"Estimable"
"20_32-Cross BB14-3p","22",9.1894914912065,0.854339454531207,"Estimable"
"20_33-Cross BB14-3p","23",10,0.854219847625917,"Estimable"
"20_33-Cross BB14-3p","22",8.66832291743425,0.854339454531207,"Estimable"
"20_34-Cross BB14-3p","23",6.5551753301758,1.23548221880245,"Estimable"
"20_34-Cross BB14-3p","22",5,1.23352724040462,"Estimable"
"20_35-Cross BB14-3p","23",10,0.854219847625917,"Estimable"
"20_35-Cross BB14-3p","22",8.66832291743425,0.854339454531207,"Estimable"
"20_36-Cross BB14-3p","23",6.70232967383781,0.854219847625917,"Estimable"
"20_36-Cross BB14-3p","22",5.14715434366201,0.854339454531207,"Estimable"
"20_37-Cross BB14-3p","23",7.22349824761005,0.854219847625917,"Estimable"
"20_37-Cross BB14-3p","22",5.66832291743425,0.854339454531207,"Estimable"
"20_38-Cross BB14-3p","23",10,0.854219847625917,"Estimable"
"20_38-Cross BB14-3p","22",8.71066006497874,0.854339454531207,"Estimable"
"20_4-Cross BB14-1-b","23",10,0.854219847625917,"Estimable"
"20_4-Cross BB14-1-b","22",8.71066006497874,0.854339454531207,"Estimable"
"20_40-Cross BB14-3p","23",9.78700396892679,0.854219847625917,"Estimable"
"20_40-Cross BB14-3p","22",8.23182863875099,0.854339454531207,"Estimable"
"20_5-Cross BB14-1-b","23",7.87167826401577,0.854219847625917,"Estimable"
"20_5-Cross BB14-1-b","22",6.31650293383997,0.854339454531207,"Estimable"
"20_6-Cross BB14-1-b","23",6.82934111647128,0.854219847625917,"Estimable"
"20_6-Cross BB14-1-b","22",5.27416578629548,0.854339454531207,"Estimable"
"20_7-Cross BB14-1-b","23",6.30817254269903,0.854219847625917,"Estimable"
"20_7-Cross BB14-1-b","22",4.75299721252323,0.854339454531207,"Estimable"
"20_8-Cross BB14-1-b","23",6.78700396892679,0.854219847625917,"Estimable"
"20_8-Cross BB14-1-b","22",5.23182863875099,0.854339454531207,"Estimable"
"20_9-Cross BB14-1-b","23",1.5551753301758,1.23548221880245,"Estimable"
"20_9-Cross BB14-1-b","22",0,1.23352724040462,"Estimable"
"3_1-Cross BB Ent 3","23",7.30817254269903,0.854219847625917,"Estimable"
"3_1-Cross BB Ent 3","22",5.75299721252323,0.854339454531207,"Estimable"
"3_10-Cross BB Ent 3","23",5.82934111647128,0.854219847625917,"Estimable"
"3_10-Cross BB Ent 3","22",4.27416578629547,0.854339454531207,"Estimable"
"3_11-Cross BB14-12b","23",6.30817254269903,0.854219847625917,"Estimable"
"3_11-Cross BB14-12b","22",4.75299721252323,0.854339454531207,"Estimable"
"3_14-Cross BB14-12b","23",6.30817254269903,0.854219847625917,"Estimable"
"3_14-Cross BB14-12b","22",4.75299721252323,0.854339454531207,"Estimable"
"3_15-Cross BB14-12b","23",6.30817254269903,0.854219847625917,"Estimable"
"3_15-Cross BB14-12b","22",4.75299721252323,0.854339454531207,"Estimable"
"3_18-Cross BB14-12b","23",4.35050969024352,0.854219847625917,"Estimable"
"3_18-Cross BB14-12b","22",2.79533436006772,0.854339454531207,"Estimable"
"3_19-Cross BB14-12b","23",3.78700396892679,0.854219847625917,"Estimable"
"3_19-Cross BB14-12b","22",2.23182863875099,0.854339454531207,"Estimable"
"3_2-Cross BB Ent 3","23",10,0.854219847625917,"Estimable"
"3_2-Cross BB Ent 3","22",9.1894914912065,0.854339454531207,"Estimable"
"3_21-Cross BB14-1-b","23",4.26583539515454,0.854219847625917,"Estimable"
"3_21-Cross BB14-1-b","22",2.71066006497874,0.854339454531207,"Estimable"
"3_22-Cross BB14-1-b","23",8.22349824761006,0.854219847625917,"Estimable"
"3_22-Cross BB14-1-b","22",6.66832291743426,0.854339454531207,"Estimable"
"3_23-Cross BB14-1-b","23",3.26583539515454,0.854219847625917,"Estimable"
"3_23-Cross BB14-1-b","22",1.71066006497874,0.854339454531207,"Estimable"
"3_24-Cross BB14-1-b","23",10,0.854219847625917,"Estimable"
"3_24-Cross BB14-1-b","22",9.1894914912065,0.854339454531207,"Estimable"
"3_25-Cross BB14-1-b","23",7.30817254269904,0.854219847625917,"Estimable"
"3_25-Cross BB14-1-b","22",5.75299721252323,0.854339454531207,"Estimable"
"3_26-Cross BB14-1-b","23",10,0.854219847625917,"Estimable"
"3_26-Cross BB14-1-b","22",8.71066006497874,0.854339454531207,"Estimable"
"3_28-Cross BB14-1-b","23",9.26583539515455,0.854219847625917,"Estimable"
"3_28-Cross BB14-1-b","22",7.71066006497875,0.854339454531207,"Estimable"
"3_29-Cross BB14-1-b","23",7.78700396892679,0.854219847625917,"Estimable"
"3_29-Cross BB14-1-b","22",6.23182863875099,0.854339454531207,"Estimable"
"3_30-Cross BB14-1-b","23",4.30817254269903,0.854219847625917,"Estimable"
"3_30-Cross BB14-1-b","22",2.75299721252323,0.854339454531207,"Estimable"
"3_31-Parent CT3-08","23",1.26583539515454,0.854219847625917,"Estimable"
"3_31-Parent CT3-08","22",0,0.854339454531207,"Estimable"
"3_32-Parent CT3-08","23",1.78700396892678,0.854219847625917,"Estimable"
"3_32-Parent CT3-08","22",0.231828638750983,0.854339454531207,"Estimable"
"3_33-Parent CT3-08","23",1.5551753301758,1.23548221880245,"Estimable"
"3_33-Parent CT3-08","22",0,1.23352724040462,"Estimable"
"3_34-Parent CT3-08","23",1.78700396892679,0.854219847625917,"Estimable"
"3_34-Parent CT3-08","22",0.231828638750985,0.854339454531207,"Estimable"
"3_35-Parent CT3-08","23",1.5551753301758,1.23548221880245,"Estimable"
"3_35-Parent CT3-08","22",0,1.23352724040462,"Estimable"
"3_36-Parent CT3-08","23",2.30817254269903,0.854219847625917,"Estimable"
"3_36-Parent CT3-08","22",0.752997212523229,0.854339454531207,"Estimable"
"3_37-Parent CT3-08","23",4.26583539515454,0.854219847625917,"Estimable"
"3_37-Parent CT3-08","22",2.71066006497874,0.854339454531207,"Estimable"
"3_38-Parent CT3-08","23",1.78700396892679,0.854219847625917,"Estimable"
"3_38-Parent CT3-08","22",0.231828638750985,0.854339454531207,"Estimable"
"3_39-Parent CT3-08","23",1.26583539515454,0.854219847625917,"Estimable"
"3_39-Parent CT3-08","22",0,0.854339454531207,"Estimable"
"3_4-Cross BB Ent 3","23",4.7446668213823,0.854219847625917,"Estimable"
"3_4-Cross BB Ent 3","22",3.1894914912065,0.854339454531207,"Estimable"
"3_40-Parent CT3-08","23",1.26583539515454,0.854219847625917,"Estimable"
"3_40-Parent CT3-08","22",0,0.854339454531207,"Estimable"
"3_8-Cross BB Ent 3","23",7.78700396892679,0.854219847625917,"Estimable"
"3_8-Cross BB Ent 3","22",6.23182863875099,0.854339454531207,"Estimable"
"3_9-Cross BB Ent 3","23",9.22349824761006,0.854219847625917,"Estimable"
"3_9-Cross BB Ent 3","22",7.66832291743426,0.854339454531207,"Estimable"
"4_1-Parent BB Ent 8","23",3.30817254269903,0.854219847625917,"Estimable"
"4_1-Parent BB Ent 8","22",1.75299721252323,0.854339454531207,"Estimable"
"4_10-Parent BB Ent 8","23",9.78700396892679,0.854219847625917,"Estimable"
"4_10-Parent BB Ent 8","22",8.23182863875099,0.854339454531207,"Estimable"
"4_11-Cross BB14-11p","23",3.5551753301758,1.23548221880245,"Estimable"
"4_11-Cross BB14-11p","22",2,1.23352724040462,"Estimable"
"4_12-Cross BB14-11p","23",3.78700396892679,0.854219847625917,"Estimable"
"4_12-Cross BB14-11p","22",2.23182863875099,0.854339454531207,"Estimable"
"4_13-Cross BB14-11p","23",4.82934111647128,0.854219847625917,"Estimable"
"4_13-Cross BB14-11p","22",3.27416578629547,0.854339454531207,"Estimable"
"4_14-Cross BB14-11p","23",1.78700396892679,0.854219847625917,"Estimable"
"4_14-Cross BB14-11p","22",0.231828638750984,0.854339454531207,"Estimable"
"4_16-Cross BB14-11p","23",2.26583539515454,0.854219847625917,"Estimable"
"4_16-Cross BB14-11p","22",0.710660064978739,0.854339454531207,"Estimable"
"4_17-Cross BB14-11p","23",3.26583539515454,0.854219847625917,"Estimable"
"4_17-Cross BB14-11p","22",1.71066006497874,0.854339454531207,"Estimable"
"4_19-Cross BB14-11p","23",2.78700396892679,0.854219847625917,"Estimable"
"4_19-Cross BB14-11p","22",1.23182863875099,0.854339454531207,"Estimable"
"4_2-Parent BB Ent 8","23",5.26583539515454,0.854219847625917,"Estimable"
"4_2-Parent BB Ent 8","22",3.71066006497874,0.854339454531207,"Estimable"
"4_20-Cross BB14-11p","23",2.78700396892678,0.854219847625917,"Estimable"
"4_20-Cross BB14-11p","22",1.23182863875098,0.854339454531207,"Estimable"
"4_21-Cross BB14-7p","23",5.78700396892679,0.854219847625917,"Estimable"
"4_21-Cross BB14-7p","22",4.23182863875099,0.854339454531207,"Estimable"
"4_22-Cross BB14-7p","23",6.26583539515454,0.854219847625917,"Estimable"
"4_22-Cross BB14-7p","22",4.71066006497874,0.854339454531207,"Estimable"
"4_23-Cross BB14-7p","23",6.82934111647128,0.854219847625917,"Estimable"
"4_23-Cross BB14-7p","22",5.27416578629548,0.854339454531207,"Estimable"
"4_24-Cross BB14-7p","23",4.7446668213823,0.854219847625917,"Estimable"
"4_24-Cross BB14-7p","22",3.1894914912065,0.854339454531207,"Estimable"
"4_25-Cross BB14-7p","23",7.30817254269903,0.854219847625917,"Estimable"
"4_25-Cross BB14-7p","22",5.75299721252323,0.854339454531207,"Estimable"
"4_26-Cross BB14-7p","23",7.30817254269903,0.854219847625917,"Estimable"
"4_26-Cross BB14-7p","22",5.75299721252323,0.854339454531207,"Estimable"
"4_27-Cross BB14-7p","23",4.78700396892679,0.854219847625917,"Estimable"
"4_27-Cross BB14-7p","22",3.23182863875099,0.854339454531207,"Estimable"
"4_28-Cross BB14-7p","23",7.26583539515454,0.854219847625917,"Estimable"
"4_28-Cross BB14-7p","22",5.71066006497874,0.854339454531207,"Estimable"
"4_29-Cross BB14-7p","23",3.78700396892679,0.854219847625917,"Estimable"
"4_29-Cross BB14-7p","22",2.23182863875099,0.854339454531207,"Estimable"
"4_3-Parent BB Ent 8","23",5.78700396892679,0.854219847625917,"Estimable"
"4_3-Parent BB Ent 8","22",4.23182863875099,0.854339454531207,"Estimable"
"4_30-Cross BB14-7p","23",7.82934111647128,0.854219847625917,"Estimable"
"4_30-Cross BB14-7p","22",6.27416578629548,0.854339454531207,"Estimable"
"4_31-Cross BB14-4b","23",8.26583539515455,0.854219847625917,"Estimable"
"4_31-Cross BB14-4b","22",6.71066006497875,0.854339454531207,"Estimable"
"4_32-Cross BB14-4b","23",8.30817254269903,0.854219847625917,"Estimable"
"4_32-Cross BB14-4b","22",6.75299721252323,0.854339454531207,"Estimable"
"4_33-Cross BB14-4b","23",5.78700396892679,0.854219847625917,"Estimable"
"4_33-Cross BB14-4b","22",4.23182863875099,0.854339454531206,"Estimable"
"4_34-Cross BB14-4b","23",8.30817254269903,0.854219847625917,"Estimable"
"4_34-Cross BB14-4b","22",6.75299721252323,0.854339454531207,"Estimable"
"4_35-Cross BB14-4b","23",6.26583539515454,0.854219847625917,"Estimable"
"4_35-Cross BB14-4b","22",4.71066006497874,0.854339454531207,"Estimable"
"4_36-Cross BB14-4b","23",10,0.854219847625917,"Estimable"
"4_36-Cross BB14-4b","22",8.71066006497874,0.854339454531206,"Estimable"
"4_37-Cross BB14-4b","23",10,0.854219847625917,"Estimable"
"4_37-Cross BB14-4b","22",8.71066006497874,0.854339454531207,"Estimable"
"4_38-Cross BB14-4b","23",10,0.854219847625917,"Estimable"
"4_38-Cross BB14-4b","22",8.71066006497874,0.854339454531206,"Estimable"
"4_39-Cross BB14-4b","23",4.82934111647128,0.854219847625917,"Estimable"
"4_39-Cross BB14-4b","22",3.27416578629548,0.854339454531206,"Estimable"
"4_4-Parent BB Ent 8","23",8.78700396892679,0.854219847625917,"Estimable"
"4_4-Parent BB Ent 8","22",7.23182863875099,0.854339454531206,"Estimable"
"4_40-Cross BB14-4b","23",10,0.854219847625917,"Estimable"
"4_40-Cross BB14-4b","22",8.71066006497874,0.854339454531206,"Estimable"
"4_5-Parent BB Ent 8","23",5.35050969024352,0.854219847625917,"Estimable"
"4_5-Parent BB Ent 8","22",3.79533436006772,0.854339454531206,"Estimable"
"4_7-Parent BB Ent 8","23",9.78700396892679,0.854219847625917,"Estimable"
"4_7-Parent BB Ent 8","22",8.23182863875099,0.854339454531206,"Estimable"
"4_8-Parent BB Ent 8","23",9.26583539515455,0.854219847625917,"Estimable"
"4_8-Parent BB Ent 8","22",7.71066006497874,0.854339454531206,"Estimable"
"4_9-Parent BB Ent 8","23",9.26583539515454,0.854219847625917,"Estimable"
"4_9-Parent BB Ent 8","22",7.71066006497874,0.854339454531206,"Estimable"
"5_11-Cross BB14-10b","23",2.55517533017581,1.23548221880245,"Estimable"
"5_11-Cross BB14-10b","22",1,1.23352724040462,"Estimable"
"5_12-Cross BB14-10b","23",6.78700396892679,0.854219847625917,"Estimable"
"5_12-Cross BB14-10b","22",5.23182863875099,0.854339454531206,"Estimable"
"5_14-Cross BB14-10b","23",4.30817254269903,0.854219847625917,"Estimable"
"5_14-Cross BB14-10b","22",2.75299721252323,0.854339454531206,"Estimable"
"5_16-Cross BB14-10b","23",2.78700396892679,0.854219847625917,"Estimable"
"5_16-Cross BB14-10b","22",1.23182863875099,0.854339454531206,"Estimable"
"5_17-Cross BB14-10b","23",5.35050969024352,0.854219847625917,"Estimable"
"5_17-Cross BB14-10b","22",3.79533436006772,0.854339454531207,"Estimable"
"5_18-Cross BB14-10b","23",4.7446668213823,0.854219847625917,"Estimable"
"5_18-Cross BB14-10b","22",3.1894914912065,0.854339454531206,"Estimable"
"5_19-Cross BB14-10b","23",7.35050969024352,0.854219847625917,"Estimable"
"5_19-Cross BB14-10b","22",5.79533436006772,0.854339454531206,"Estimable"
"5_2-Cross BB14-1-a","23",10,0.854219847625917,"Estimable"
"5_2-Cross BB14-1-a","22",8.71066006497874,0.854339454531206,"Estimable"
"5_20-Cross BB14-10b","23",6.82934111647128,0.854219847625917,"Estimable"
"5_20-Cross BB14-10b","22",5.27416578629548,0.854339454531206,"Estimable"
"5_21-Parent BB Ent 3","23",3.82934111647128,0.854219847625917,"Estimable"
"5_21-Parent BB Ent 3","22",2.27416578629548,0.854339454531206,"Estimable"
"5_22-Parent BB Ent 3","23",6.26583539515455,0.854219847625917,"Estimable"
"5_22-Parent BB Ent 3","22",4.71066006497874,0.854339454531206,"Estimable"
"5_23-Parent BB Ent 3","23",6.26583539515455,0.854219847625917,"Estimable"
"5_23-Parent BB Ent 3","22",4.71066006497874,0.854339454531207,"Estimable"
"5_24-Parent BB Ent 3","23",10,0.854219847625917,"Estimable"
"5_24-Parent BB Ent 3","22",9.1894914912065,0.854339454531207,"Estimable"
"5_25-Parent BB Ent 3","23",5.5551753301758,1.23548221880245,"Estimable"
"5_25-Parent BB Ent 3","22",4,1.23352724040462,"Estimable"
"5_26-Parent BB Ent 3","23",4.78700396892679,0.854219847625917,"Estimable"
"5_26-Parent BB Ent 3","22",3.23182863875098,0.854339454531207,"Estimable"
"5_28-Parent BB Ent 3","23",6.35050969024352,0.854219847625917,"Estimable"
"5_28-Parent BB Ent 3","22",4.79533436006772,0.854339454531207,"Estimable"
"5_29-Parent BB Ent 3","23",7.78700396892679,0.854219847625917,"Estimable"
"5_29-Parent BB Ent 3","22",6.23182863875099,0.854339454531206,"Estimable"
"5_3-Cross BB14-1-a","23",7.30817254269904,0.854219847625917,"Estimable"
"5_3-Cross BB14-1-a","22",5.75299721252324,0.854339454531207,"Estimable"
"5_30-Parent BB Ent 3","23",8.78700396892679,0.854219847625917,"Estimable"
"5_30-Parent BB Ent 3","22",7.23182863875099,0.854339454531207,"Estimable"
"5_31-Cross BB14-1-a","23",3.55517533017581,1.23548221880245,"Estimable"
"5_31-Cross BB14-1-a","22",2.00000000000001,1.23352724040462,"Estimable"
"5_32-Cross BB14-1-a","23",8.30817254269903,0.854219847625917,"Estimable"
"5_32-Cross BB14-1-a","22",6.75299721252323,0.854339454531206,"Estimable"
"5_33-Cross BB14-1-a","23",9.26583539515455,0.854219847625917,"Estimable"
"5_33-Cross BB14-1-a","22",7.71066006497875,0.854339454531207,"Estimable"
"5_35-Cross BB14-1-a","23",10,0.854219847625917,"Estimable"
"5_35-Cross BB14-1-a","22",8.71066006497874,0.854339454531206,"Estimable"
"5_36-Cross BB14-1-a","23",6.30817254269903,0.854219847625917,"Estimable"
"5_36-Cross BB14-1-a","22",4.75299721252323,0.854339454531206,"Estimable"
"5_38-Cross BB14-1-a","23",5.30817254269903,0.854219847625917,"Estimable"
"5_38-Cross BB14-1-a","22",3.75299721252323,0.854339454531207,"Estimable"
"5_39-Cross BB14-1-a","23",10,0.854219847625917,"Estimable"
"5_39-Cross BB14-1-a","22",8.71066006497874,0.854339454531206,"Estimable"
"5_4-Cross BB14-1-a","23",5.78700396892679,0.854219847625917,"Estimable"
"5_4-Cross BB14-1-a","22",4.23182863875099,0.854339454531206,"Estimable"
"5_40-Cross BB14-1-a","23",5.26583539515454,0.854219847625917,"Estimable"
"5_40-Cross BB14-1-a","22",3.71066006497874,0.854339454531206,"Estimable"
"5_5-Cross BB14-1-a","23",7.78700396892679,0.854219847625917,"Estimable"
"5_5-Cross BB14-1-a","22",6.23182863875099,0.854339454531206,"Estimable"
"5_6-Cross BB14-1-a","23",8.82934111647128,0.854219847625917,"Estimable"
"5_6-Cross BB14-1-a","22",7.27416578629548,0.854339454531206,"Estimable"
"5_7-Cross BB14-1-a","23",8.82934111647128,0.854219847625917,"Estimable"
"5_7-Cross BB14-1-a","22",7.27416578629548,0.854339454531206,"Estimable"
"5_8-Cross BB14-1-a","23",8.30817254269903,0.854219847625917,"Estimable"
"5_8-Cross BB14-1-a","22",6.75299721252323,0.854339454531206,"Estimable"
"5_9-Cross BB14-1-a","23",5.78700396892679,0.854219847625917,"Estimable"
"5_9-Cross BB14-1-a","22",4.23182863875099,0.854339454531206,"Estimable"
"6_1-Cross BB14-1-b","23",9.26583539515454,0.854219847625917,"Estimable"
"6_1-Cross BB14-1-b","22",7.71066006497874,0.854339454531206,"Estimable"
"6_10-Cross BB14-1-b","23",5.78700396892679,0.854219847625917,"Estimable"
"6_10-Cross BB14-1-b","22",4.23182863875099,0.854339454531207,"Estimable"
"6_11-Cross BB14-9p","23",9.26583539515454,0.854219847625917,"Estimable"
"6_11-Cross BB14-9p","22",7.71066006497874,0.854339454531206,"Estimable"
"6_12-Cross BB14-9p","23",6.78700396892679,0.854219847625917,"Estimable"
"6_12-Cross BB14-9p","22",5.23182863875099,0.854339454531206,"Estimable"
"6_13-Cross BB14-9p","23",5.78700396892679,0.854219847625917,"Estimable"
"6_13-Cross BB14-9p","22",4.23182863875099,0.854339454531206,"Estimable"
"6_16-Cross BB14-9p","23",5.30817254269903,0.854219847625917,"Estimable"
"6_16-Cross BB14-9p","22",3.75299721252323,0.854339454531206,"Estimable"
"6_18-Cross BB14-9p","23",5.22349824761006,0.854219847625917,"Estimable"
"6_18-Cross BB14-9p","22",3.66832291743425,0.854339454531206,"Estimable"
"6_19-Cross BB14-9p","23",6.78700396892679,0.854219847625917,"Estimable"
"6_19-Cross BB14-9p","22",5.23182863875099,0.854339454531206,"Estimable"
"6_2-Cross BB14-1-b","23",9.30817254269903,0.854219847625917,"Estimable"
"6_2-Cross BB14-1-b","22",7.75299721252323,0.854339454531206,"Estimable"
"6_20-Cross BB14-9p","23",4.55517533017581,1.23548221880245,"Estimable"
"6_20-Cross BB14-9p","22",3.00000000000001,1.23352724040462,"Estimable"
"6_21-Cross BB14-10b","23",9.78700396892679,0.854219847625917,"Estimable"
"6_21-Cross BB14-10b","22",8.23182863875099,0.854339454531206,"Estimable"
"6_22-Cross BB14-10b","23",9.78700396892679,0.854219847625917,"Estimable"
"6_22-Cross BB14-10b","22",8.23182863875099,0.854339454531206,"Estimable"
"6_23-Cross BB14-10b","23",8.30817254269903,0.854219847625917,"Estimable"
"6_23-Cross BB14-10b","22",6.75299721252323,0.854339454531206,"Estimable"
"6_24-Cross BB14-10b","23",8.30817254269903,0.854219847625917,"Estimable"
"6_24-Cross BB14-10b","22",6.75299721252323,0.854339454531206,"Estimable"
"6_25-Cross BB14-10b","23",7.82934111647128,0.854219847625917,"Estimable"
"6_25-Cross BB14-10b","22",6.27416578629548,0.854339454531206,"Estimable"
"6_26-Cross BB14-10b","23",4.87167826401577,0.854219847625917,"Estimable"
"6_26-Cross BB14-10b","22",3.31650293383997,0.854339454531206,"Estimable"
"6_27-Cross BB14-10b","23",5.39284683778801,0.854219847625917,"Estimable"
"6_27-Cross BB14-10b","22",3.83767150761221,0.854339454531207,"Estimable"
"6_28-Cross BB14-10b","23",8.78700396892679,0.854219847625917,"Estimable"
"6_28-Cross BB14-10b","22",7.23182863875099,0.854339454531206,"Estimable"
"6_29-Cross BB14-10b","23",4.82934111647128,0.854219847625917,"Estimable"
"6_29-Cross BB14-10b","22",3.27416578629548,0.854339454531206,"Estimable"
"6_3-Cross BB14-1-b","23",8.5551753301758,1.23548221880245,"Estimable"
"6_3-Cross BB14-1-b","22",7,1.23352724040462,"Estimable"
"6_30-Cross BB14-10b","23",7.78700396892679,0.854219847625917,"Estimable"
"6_30-Cross BB14-10b","22",6.23182863875099,0.854339454531206,"Estimable"
"6_31-Cross BB14-6b","23",6.78700396892679,0.854219847625917,"Estimable"
"6_31-Cross BB14-6b","22",5.23182863875099,0.854339454531207,"Estimable"
"6_32-Cross BB14-6b","23",7.26583539515454,0.854219847625917,"Estimable"
"6_32-Cross BB14-6b","22",5.71066006497874,0.854339454531206,"Estimable"
"6_33-Cross BB14-6b","23",6.22349824761006,0.854219847625917,"Estimable"
"6_33-Cross BB14-6b","22",4.66832291743426,0.854339454531206,"Estimable"
"6_34-Cross BB14-6b","23",6.22349824761006,0.854219847625917,"Estimable"
"6_34-Cross BB14-6b","22",4.66832291743425,0.854339454531207,"Estimable"
"6_35-Cross BB14-6b","23",7.22349824761006,0.854219847625917,"Estimable"
"6_35-Cross BB14-6b","22",5.66832291743425,0.854339454531207,"Estimable"
"6_36-Cross BB14-6b","23",9.7446668213823,0.854219847625917,"Estimable"
"6_36-Cross BB14-6b","22",8.1894914912065,0.854339454531207,"Estimable"
"6_37-Cross BB14-6b","23",5.30817254269904,0.854219847625917,"Estimable"
"6_37-Cross BB14-6b","22",3.75299721252323,0.854339454531206,"Estimable"
"6_38-Cross BB14-6b","23",5.30817254269904,0.854219847625917,"Estimable"
"6_38-Cross BB14-6b","22",3.75299721252324,0.854339454531207,"Estimable"
"6_39-Cross BB14-6b","23",6.82934111647128,0.854219847625917,"Estimable"
"6_39-Cross BB14-6b","22",5.27416578629548,0.854339454531206,"Estimable"
"6_4-Cross BB14-1-b","23",7.82934111647128,0.854219847625917,"Estimable"
"6_4-Cross BB14-1-b","22",6.27416578629548,0.854339454531206,"Estimable"
"6_40-Cross BB14-6b","23",7.78700396892679,0.854219847625917,"Estimable"
"6_40-Cross BB14-6b","22",6.23182863875099,0.854339454531207,"Estimable"
"6_5-Cross BB14-1-b","23",8.7446668213823,0.854219847625917,"Estimable"
"6_5-Cross BB14-1-b","22",7.1894914912065,0.854339454531206,"Estimable"
"6_6-Cross BB14-1-b","23",9.26583539515455,0.854219847625917,"Estimable"
"6_6-Cross BB14-1-b","22",7.71066006497874,0.854339454531206,"Estimable"
"6_7-Cross BB14-1-b","23",7.35050969024353,0.854219847625917,"Estimable"
"6_7-Cross BB14-1-b","22",5.79533436006773,0.854339454531207,"Estimable"
"7_1-Cross BB14-2-a","23",5.35050969024353,0.854219847625917,"Estimable"
"7_1-Cross BB14-2-a","22",3.79533436006772,0.854339454531207,"Estimable"
"7_10-Cross BB14-2-a","23",9.78700396892679,0.854219847625917,"Estimable"
"7_10-Cross BB14-2-a","22",8.23182863875099,0.854339454531206,"Estimable"
"7_11-Cross BB14-8b","23",3.55517533017581,1.23548221880245,"Estimable"
"7_11-Cross BB14-8b","22",2.00000000000001,1.23352724040462,"Estimable"
"7_12-Cross BB14-8b","23",6.30817254269904,0.854219847625917,"Estimable"
"7_12-Cross BB14-8b","22",4.75299721252323,0.854339454531206,"Estimable"
"7_13-Cross BB14-8b","23",5.78700396892679,0.854219847625917,"Estimable"
"7_13-Cross BB14-8b","22",4.23182863875099,0.854339454531206,"Estimable"
"7_14-Cross BB14-8b","23",4.82934111647128,0.854219847625917,"Estimable"
"7_14-Cross BB14-8b","22",3.27416578629548,0.854339454531207,"Estimable"
"7_17-Cross BB14-8b","23",5.30817254269904,0.854219847625917,"Estimable"
"7_17-Cross BB14-8b","22",3.75299721252323,0.854339454531206,"Estimable"
"7_18-Cross BB14-8b","23",6.30817254269903,0.854219847625917,"Estimable"
"7_18-Cross BB14-8b","22",4.75299721252323,0.854339454531206,"Estimable"
"7_2-Cross BB14-2-a","23",8.78700396892679,0.854219847625917,"Estimable"
"7_2-Cross BB14-2-a","22",7.23182863875099,0.854339454531207,"Estimable"
"7_21-Cross BB14-3p","23",10,0.854219847625917,"Estimable"
"7_21-Cross BB14-3p","22",8.71066006497875,0.854339454531207,"Estimable"
"7_22-Cross BB14-3p","23",8.30817254269903,0.854219847625917,"Estimable"
"7_22-Cross BB14-3p","22",6.75299721252323,0.854339454531207,"Estimable"
"7_23-Cross BB14-3p","23",8.30817254269903,0.854219847625917,"Estimable"
"7_23-Cross BB14-3p","22",6.75299721252323,0.854339454531207,"Estimable"
"7_24-Cross BB14-3p","23",4.82934111647128,0.854219847625917,"Estimable"
"7_24-Cross BB14-3p","22",3.27416578629548,0.854339454531207,"Estimable"
"7_25-Cross BB14-3p","23",9.26583539515455,0.854219847625917,"Estimable"
"7_25-Cross BB14-3p","22",7.71066006497874,0.854339454531207,"Estimable"
"7_26-Cross BB14-3p","23",6.82934111647128,0.854219847625917,"Estimable"
"7_26-Cross BB14-3p","22",5.27416578629548,0.854339454531207,"Estimable"
"7_27-Cross BB14-3p","23",5.55517533017581,1.23548221880245,"Estimable"
"7_27-Cross BB14-3p","22",4,1.23352724040462,"Estimable"
"7_28-Cross BB14-3p","23",9.26583539515455,0.854219847625917,"Estimable"
"7_28-Cross BB14-3p","22",7.71066006497874,0.854339454531207,"Estimable"
"7_29-Cross BB14-3p","23",2.55517533017581,1.23548221880245,"Estimable"
"7_29-Cross BB14-3p","22",1,1.23352724040462,"Estimable"
"7_3-Cross BB14-2-a","23",7.78700396892679,0.854219847625917,"Estimable"
"7_3-Cross BB14-2-a","22",6.23182863875099,0.854339454531207,"Estimable"
"7_30-Cross BB14-3p","23",10,0.854219847625917,"Estimable"
"7_30-Cross BB14-3p","22",9.1894914912065,0.854339454531207,"Estimable"
"7_32-Cross BB14-14b","23",3.7446668213823,0.854219847625917,"Estimable"
"7_32-Cross BB14-14b","22",2.1894914912065,0.854339454531207,"Estimable"
"7_33-Cross BB14-14b","23",4.22349824761005,0.854219847625917,"Estimable"
"7_33-Cross BB14-14b","22",2.66832291743425,0.854339454531207,"Estimable"
"7_34-Cross BB14-14b","23",4.5551753301758,1.23548221880245,"Estimable"
"7_34-Cross BB14-14b","22",3,1.23352724040462,"Estimable"
"7_35-Cross BB14-14b","23",1.7446668213823,0.854219847625917,"Estimable"
"7_35-Cross BB14-14b","22",0.189491491206498,0.854339454531206,"Estimable"
"7_36-Cross BB14-14b","23",3.7446668213823,0.854219847625917,"Estimable"
"7_36-Cross BB14-14b","22",2.1894914912065,0.854339454531206,"Estimable"
"7_37-Cross BB14-14b","23",4.78700396892679,0.854219847625917,"Estimable"
"7_37-Cross BB14-14b","22",3.23182863875099,0.854339454531207,"Estimable"
"7_38-Cross BB14-14b","23",2.78700396892679,0.854219847625917,"Estimable"
"7_38-Cross BB14-14b","22",1.23182863875099,0.854339454531206,"Estimable"
"7_39-Cross BB14-14b","23",4.82934111647128,0.854219847625917,"Estimable"
"7_39-Cross BB14-14b","22",3.27416578629548,0.854339454531206,"Estimable"
"7_4-Cross BB14-2-a","23",8.30817254269904,0.854219847625917,"Estimable"
"7_4-Cross BB14-2-a","22",6.75299721252324,0.854339454531207,"Estimable"
"7_40-Cross BB14-14b","23",3.78700396892679,0.854219847625917,"Estimable"
"7_40-Cross BB14-14b","22",2.23182863875099,0.854339454531206,"Estimable"
"7_5-Cross BB14-2-a","23",8.78700396892679,0.854219847625917,"Estimable"
"7_5-Cross BB14-2-a","22",7.23182863875099,0.854339454531206,"Estimable"
"7_6-Cross BB14-2-a","23",8.30817254269904,0.854219847625917,"Estimable"
"7_6-Cross BB14-2-a","22",6.75299721252324,0.854339454531206,"Estimable"
"7_7-Cross BB14-2-a","23",10,0.854219847625917,"Estimable"
"7_7-Cross BB14-2-a","22",8.71066006497875,0.854339454531207,"Estimable"
"7_9-Cross BB14-2-a","23",8.30817254269904,0.854219847625917,"Estimable"
"7_9-Cross BB14-2-a","22",6.75299721252324,0.854339454531206,"Estimable"
"8_1-Cross BB14-2-b","23",5.22349824761006,0.854219847625917,"Estimable"
"8_1-Cross BB14-2-b","22",3.66832291743425,0.854339454531207,"Estimable"
"8_10-Cross BB14-2-b","23",3.78700396892679,0.854219847625917,"Estimable"
"8_10-Cross BB14-2-b","22",2.23182863875099,0.854339454531207,"Estimable"
"8_11-Cross BB14-7p","23",7.35050969024353,0.854219847625917,"Estimable"
"8_11-Cross BB14-7p","22",5.79533436006773,0.854339454531207,"Estimable"
"8_12-Cross BB14-7p","23",4.5551753301758,1.23548221880245,"Estimable"
"8_12-Cross BB14-7p","22",3,1.23352724040462,"Estimable"
"8_13-Cross BB14-7p","23",5.82934111647128,0.854219847625917,"Estimable"
"8_13-Cross BB14-7p","22",4.27416578629548,0.854339454531207,"Estimable"
"8_14-Cross BB14-7p","23",5.5551753301758,1.23548221880245,"Estimable"
"8_14-Cross BB14-7p","22",4,1.23352724040462,"Estimable"
"8_15-Cross BB14-7p","23",4.78700396892679,0.854219847625917,"Estimable"
"8_15-Cross BB14-7p","22",3.23182863875099,0.854339454531207,"Estimable"
"8_16-Cross BB14-7p","23",5.78700396892679,0.854219847625917,"Estimable"
"8_16-Cross BB14-7p","22",4.23182863875099,0.854339454531207,"Estimable"
"8_17-Cross BB14-7p","23",5.78700396892679,0.854219847625917,"Estimable"
"8_17-Cross BB14-7p","22",4.23182863875099,0.854339454531207,"Estimable"
"8_18-Cross BB14-7p","23",4.30817254269903,0.854219847625917,"Estimable"
"8_18-Cross BB14-7p","22",2.75299721252323,0.854339454531207,"Estimable"
"8_2-Cross BB14-2-b","23",5.91401541156026,0.854219847625917,"Estimable"
"8_2-Cross BB14-2-b","22",4.35884008138446,0.854339454531207,"Estimable"
"8_20-Cross BB14-7p","23",7.78700396892679,0.854219847625917,"Estimable"
"8_20-Cross BB14-7p","22",6.23182863875099,0.854339454531207,"Estimable"
"8_3-Cross BB14-2-b","23",7.7870039689268,0.854219847625917,"Estimable"
"8_3-Cross BB14-2-b","22",6.23182863875099,0.854339454531207,"Estimable"
"8_31-Cross BB14-2-b","23",9.74466682138231,0.854219847625917,"Estimable"
"8_31-Cross BB14-2-b","22",8.1894914912065,0.854339454531207,"Estimable"
"8_32-Cross BB14-2-b","23",9.74466682138231,0.854219847625917,"Estimable"
"8_32-Cross BB14-2-b","22",8.1894914912065,0.854339454531207,"Estimable"
"8_33-Cross BB14-2-b","23",8.26583539515455,0.854219847625917,"Estimable"
"8_33-Cross BB14-2-b","22",6.71066006497875,0.854339454531207,"Estimable"
"8_34-Cross BB14-2-b","23",9.26583539515455,0.854219847625917,"Estimable"
"8_34-Cross BB14-2-b","22",7.71066006497875,0.854339454531207,"Estimable"
"8_35-Cross BB14-2-b","23",8.74466682138231,0.854219847625917,"Estimable"
"8_35-Cross BB14-2-b","22",7.1894914912065,0.854339454531207,"Estimable"
"8_36-Cross BB14-2-b","23",10,0.854219847625917,"Estimable"
"8_36-Cross BB14-2-b","22",8.71066006497875,0.854339454531207,"Estimable"
"8_37-Cross BB14-2-b","23",10,0.854219847625917,"Estimable"
"8_37-Cross BB14-2-b","22",8.71066006497875,0.854339454531207,"Estimable"
"8_38-Cross BB14-2-b","23",7.7870039689268,0.854219847625917,"Estimable"
"8_38-Cross BB14-2-b","22",6.23182863875099,0.854339454531207,"Estimable"
"8_39-Cross BB14-2-b","23",9.30817254269904,0.854219847625917,"Estimable"
"8_39-Cross BB14-2-b","22",7.75299721252324,0.854339454531207,"Estimable"
"8_4-Cross BB14-2-b","23",8.78700396892679,0.854219847625917,"Estimable"
"8_4-Cross BB14-2-b","22",7.23182863875099,0.854339454531206,"Estimable"
"8_40-Cross BB14-2-b","23",6.78700396892679,0.854219847625917,"Estimable"
"8_40-Cross BB14-2-b","22",5.23182863875099,0.854339454531207,"Estimable"
"8_6-Cross BB14-2-b","23",7.30817254269903,0.854219847625917,"Estimable"
"8_6-Cross BB14-2-b","22",5.75299721252323,0.854339454531206,"Estimable"
"8_8-Cross BB14-2-b","23",4,1.18236334506035,"Estimable"
"8_8-Cross BB14-2-b","22",2.4448246698242,1.18440277773192,"Estimable"
"8_9-Cross BB14-2-b","23",4.78700396892679,0.854219847625917,"Estimable"
"8_9-Cross BB14-2-b","22",3.23182863875099,0.854339454531207,"Estimable"
"9_1-Cross BB14-3p","23",9.26583539515455,0.854219847625917,"Estimable"
"9_1-Cross BB14-3p","22",7.71066006497875,0.854339454531207,"Estimable"
"9_10-Cross BB14-3p","23",5.7446668213823,0.854219847625917,"Estimable"
"9_10-Cross BB14-3p","22",4.1894914912065,0.854339454531207,"Estimable"
"9_11-Cross BB14-6b","23",9.78700396892679,0.854219847625917,"Estimable"
"9_11-Cross BB14-6b","22",8.23182863875099,0.854339454531207,"Estimable"
"9_12-Cross BB14-6b","23",7.78700396892679,0.854219847625917,"Estimable"
"9_12-Cross BB14-6b","22",6.23182863875099,0.854339454531207,"Estimable"
"9_13-Cross BB14-6b","23",5.30817254269903,0.854219847625917,"Estimable"
"9_13-Cross BB14-6b","22",3.75299721252323,0.854339454531206,"Estimable"
"9_14-Cross BB14-6b","23",10,0.854219847625917,"Estimable"
"9_14-Cross BB14-6b","22",8.71066006497874,0.854339454531207,"Estimable"
"9_15-Cross BB14-6b","23",10,0.854219847625917,"Estimable"
"9_15-Cross BB14-6b","22",8.71066006497874,0.854339454531207,"Estimable"
"9_16-Cross BB14-6b","23",10,0.854219847625917,"Estimable"
"9_16-Cross BB14-6b","22",8.71066006497875,0.854339454531207,"Estimable"
"9_17-Cross BB14-6b","23",8.26583539515455,0.854219847625917,"Estimable"
"9_17-Cross BB14-6b","22",6.71066006497874,0.854339454531207,"Estimable"
"9_18-Cross BB14-6b","23",7.78700396892679,0.854219847625917,"Estimable"
"9_18-Cross BB14-6b","22",6.23182863875099,0.854339454531207,"Estimable"
"9_19-Cross BB14-6b","23",6.26583539515454,0.854219847625917,"Estimable"
"9_19-Cross BB14-6b","22",4.71066006497874,0.854339454531207,"Estimable"
"9_2-Cross BB14-3p","23",9.26583539515455,0.854219847625917,"Estimable"
"9_2-Cross BB14-3p","22",7.71066006497874,0.854339454531207,"Estimable"
"9_20-Cross BB14-6b","23",8.30817254269903,0.854219847625917,"Estimable"
"9_20-Cross BB14-6b","22",6.75299721252323,0.854339454531206,"Estimable"
"9_21-Cross BB14-11p","23",5.26583539515454,0.854219847625917,"Estimable"
"9_21-Cross BB14-11p","22",3.71066006497874,0.854339454531207,"Estimable"
"9_22-Cross BB14-11p","23",2.7446668213823,0.854219847625917,"Estimable"
"9_22-Cross BB14-11p","22",1.1894914912065,0.854339454531206,"Estimable"
"9_23-Cross BB14-11p","23",3.22349824761005,0.854219847625917,"Estimable"
"9_23-Cross BB14-11p","22",1.66832291743425,0.854339454531207,"Estimable"
"9_24-Cross BB14-11p","23",7.78700396892679,0.854219847625917,"Estimable"
"9_24-Cross BB14-11p","22",6.23182863875099,0.854339454531206,"Estimable"
"9_25-Cross BB14-11p","23",4.78700396892679,0.854219847625917,"Estimable"
"9_25-Cross BB14-11p","22",3.23182863875099,0.854339454531206,"Estimable"
"9_26-Cross BB14-11p","23",5.30817254269903,0.854219847625917,"Estimable"
"9_26-Cross BB14-11p","22",3.75299721252323,0.854339454531206,"Estimable"
"9_27-Cross BB14-11p","23",2.82934111647128,0.854219847625917,"Estimable"
"9_27-Cross BB14-11p","22",1.27416578629548,0.854339454531206,"Estimable"
"9_28-Cross BB14-11p","23",7.26583539515455,0.854219847625917,"Estimable"
"9_28-Cross BB14-11p","22",5.71066006497874,0.854339454531206,"Estimable"
"9_29-Cross BB14-11p","23",4.82934111647128,0.854219847625917,"Estimable"
"9_29-Cross BB14-11p","22",3.27416578629548,0.854339454531206,"Estimable"
"9_3-Cross BB14-3p","23",9.26583539515455,0.854219847625917,"Estimable"
"9_3-Cross BB14-3p","22",7.71066006497874,0.854339454531206,"Estimable"
"9_30-Cross BB14-11p","23",3.78700396892679,0.854219847625917,"Estimable"
"9_30-Cross BB14-11p","22",2.23182863875099,0.854339454531206,"Estimable"
"9_31-Cross BB14-13p","23",3.82934111647128,0.854219847625917,"Estimable"
"9_31-Cross BB14-13p","22",2.27416578629548,0.854339454531206,"Estimable"
"9_32-Cross BB14-13p","23",9.7446668213823,0.854219847625917,"Estimable"
"9_32-Cross BB14-13p","22",8.1894914912065,0.854339454531206,"Estimable"
"9_35-Cross BB14-13p","23",8.7446668213823,0.854219847625917,"Estimable"
"9_35-Cross BB14-13p","22",7.1894914912065,0.854339454531206,"Estimable"
"9_36-Cross BB14-13p","23",6.5551753301758,1.23548221880245,"Estimable"
"9_36-Cross BB14-13p","22",5,1.23352724040462,"Estimable"
"9_37-Cross BB14-13p","23",4.18116110006557,0.854219847625917,"Estimable"
"9_37-Cross BB14-13p","22",2.62598576988976,0.854339454531206,"Estimable"
"9_4-Cross BB14-3p","23",9.26583539515454,0.854219847625917,"Estimable"
"9_4-Cross BB14-3p","22",7.71066006497874,0.854339454531206,"Estimable"
"9_40-Cross BB14-13p","23",1.78700396892679,0.854219847625917,"Estimable"
"9_40-Cross BB14-13p","22",0.231828638750988,0.854339454531206,"Estimable"
"9_5-Cross BB14-3p","23",4.5551753301758,1.23548221880245,"Estimable"
"9_5-Cross BB14-3p","22",3,1.23352724040462,"Estimable"
"9_6-Cross BB14-3p","23",3.5551753301758,1.23548221880245,"Estimable"
"9_6-Cross BB14-3p","22",2,1.23352724040462,"Estimable"
"9_7-Cross BB14-3p","23",6.7446668213823,0.854219847625917,"Estimable"
"9_7-Cross BB14-3p","22",5.1894914912065,0.854339454531206,"Estimable"
"9_8-Cross BB14-3p","23",8.7446668213823,0.854219847625917,"Estimable"
"9_8-Cross BB14-3p","22",7.1894914912065,0.854339454531206,"Estimable"
"9_9-Cross BB14-3p","23",10,0.854219847625917,"Estimable"
"9_9-Cross BB14-3p","22",8.71066006497874,0.854339454531206,"Estimable"
"CT3-08","23",3.74577512600179,0.400166101835825,"Estimable"
"CT3-08","22",2.19059979582599,0.402394065485623,"Estimable"
"Entry3","23",5.7212115290587,0.312777667648355,"Estimable"
"Entry3","22",4.1660361988829,0.313615265399795,"Estimable"
"Entry8","23",3.17162185521864,0.597499836457651,"Estimable"
"Entry8","22",1.61644652504284,0.599641204458083,"Estimable"
"Vernal","23",3.31384002198109,0.177810133659373,"Estimable"
"Vernal","22",1.75866469180529,0.177819249994219,"Estimable"
